-- MariaDB dump 10.19  Distrib 10.4.22-MariaDB, for Win64 (AMD64)
--
-- Host: localhost    Database: mmaraton
-- ------------------------------------------------------
-- Server version	10.4.22-MariaDB

/*!40101 SET @OLD_CHARACTER_SET_CLIENT=@@CHARACTER_SET_CLIENT */;
/*!40101 SET @OLD_CHARACTER_SET_RESULTS=@@CHARACTER_SET_RESULTS */;
/*!40101 SET @OLD_COLLATION_CONNECTION=@@COLLATION_CONNECTION */;
/*!40101 SET NAMES utf8mb4 */;
/*!40103 SET @OLD_TIME_ZONE=@@TIME_ZONE */;
/*!40103 SET TIME_ZONE='+00:00' */;
/*!40014 SET @OLD_UNIQUE_CHECKS=@@UNIQUE_CHECKS, UNIQUE_CHECKS=0 */;
/*!40014 SET @OLD_FOREIGN_KEY_CHECKS=@@FOREIGN_KEY_CHECKS, FOREIGN_KEY_CHECKS=0 */;
/*!40101 SET @OLD_SQL_MODE=@@SQL_MODE, SQL_MODE='NO_AUTO_VALUE_ON_ZERO' */;
/*!40111 SET @OLD_SQL_NOTES=@@SQL_NOTES, SQL_NOTES=0 */;

--
-- Table structure for table `categorias`
--

DROP TABLE IF EXISTS `categorias`;
/*!40101 SET @saved_cs_client     = @@character_set_client */;
/*!40101 SET character_set_client = utf8 */;
CREATE TABLE `categorias` (
  `id_rama` bigint(20) unsigned NOT NULL,
  `id_distancia` bigint(20) unsigned NOT NULL,
  `id` bigint(20) unsigned NOT NULL AUTO_INCREMENT,
  `nombre` varchar(25) COLLATE utf8mb4_unicode_ci NOT NULL,
  `nombre_corto` varchar(10) COLLATE utf8mb4_unicode_ci NOT NULL,
  `created_at` timestamp NULL DEFAULT NULL,
  `updated_at` timestamp NULL DEFAULT NULL,
  PRIMARY KEY (`id`),
  UNIQUE KEY `categorias_id_rama_id_distancia_id_unique` (`id_rama`,`id_distancia`,`id`),
  KEY `categorias_id_distancia_foreign` (`id_distancia`),
  CONSTRAINT `categorias_id_distancia_foreign` FOREIGN KEY (`id_distancia`) REFERENCES `distancias` (`id`) ON DELETE CASCADE ON UPDATE CASCADE,
  CONSTRAINT `categorias_id_rama_foreign` FOREIGN KEY (`id_rama`) REFERENCES `ramas` (`id`) ON DELETE CASCADE ON UPDATE CASCADE
) ENGINE=InnoDB AUTO_INCREMENT=21 DEFAULT CHARSET=utf8mb4 COLLATE=utf8mb4_unicode_ci;
/*!40101 SET character_set_client = @saved_cs_client */;

--
-- Dumping data for table `categorias`
--

LOCK TABLES `categorias` WRITE;
/*!40000 ALTER TABLE `categorias` DISABLE KEYS */;
INSERT INTO `categorias` VALUES (2,1,1,'JUVENIL (HASTA 19 AÑOS)','JUV:19','2022-12-06 00:33:00','2022-12-06 00:33:00'),(2,1,2,'LIBRE (SIN LÍMITE EDAD)','LIBRE','2022-12-06 00:34:09','2022-12-06 00:34:09'),(2,1,3,'SUB-MASTER (30-39 AÑOS)','SM:30-39','2022-12-06 00:35:56','2022-12-06 00:35:56'),(2,1,4,'MASTER (40-49 AÑOS)','M:40-49','2022-12-06 00:36:23','2022-12-06 00:36:23'),(2,1,5,'MASTER A (50-54 AÑOS)','MA:50-54','2022-12-06 00:37:08','2022-12-06 00:37:08'),(2,1,6,'MASTER B (55-59 AÑOS)','MB:55-59','2022-12-06 00:37:57','2022-12-06 00:37:57'),(2,1,8,'MASTER C (60-64 AÑOS)','MC:60-64','2022-12-06 00:38:47','2022-12-06 00:38:47'),(2,1,9,'MASTER D (65-69 AÑOS)','MD:65-69','2022-12-06 00:39:21','2022-12-06 00:39:21'),(2,1,10,'MASTER E (70 AÑOS Y MÁS)','ME:70','2022-12-06 00:39:52','2022-12-06 00:39:52'),(1,1,11,'LIBRE (SIN LÍMITE EDAD)','LIBRE','2022-12-06 00:41:16','2022-12-06 00:41:16'),(1,1,12,'SUB-MASTER (30-39 AÑOS)','SM:30-39','2022-12-06 00:41:50','2022-12-06 00:41:50'),(1,1,13,'MASTER (40-49 AÑOS)','M:40-49','2022-12-06 00:42:15','2022-12-06 00:42:15'),(1,1,14,'MASTER A (50-54 AÑOS)','MA:50-54','2022-12-06 00:42:57','2022-12-06 00:42:57'),(1,1,15,'MASTER B (55-59 AÑOS)','MB:55-59','2022-12-06 00:45:26','2022-12-06 00:45:26'),(1,1,16,'MASTER C (60 AÑOS Y MÁS)','MC:60','2022-12-06 00:46:20','2022-12-06 00:46:20'),(3,1,17,'SILLA DE RUEDAS','S/RUEDAS','2022-12-06 00:49:31','2022-12-06 00:49:31'),(6,2,18,'MULETAS','MULETAS','2022-12-06 00:50:04','2022-12-06 00:50:04'),(4,2,19,'LIBRE','LIBRE','2022-12-08 22:17:00','2022-12-08 22:17:00'),(5,2,20,'LIBRE','LIBRE','2022-12-08 22:17:00','2022-12-08 22:17:00');
/*!40000 ALTER TABLE `categorias` ENABLE KEYS */;
UNLOCK TABLES;

--
-- Table structure for table `codigos`
--

DROP TABLE IF EXISTS `codigos`;
/*!40101 SET @saved_cs_client     = @@character_set_client */;
/*!40101 SET character_set_client = utf8 */;
CREATE TABLE `codigos` (
  `id` bigint(20) unsigned NOT NULL AUTO_INCREMENT,
  `id_distancia` bigint(20) unsigned NOT NULL DEFAULT 1,
  `concordense` tinyint(4) NOT NULL DEFAULT 0,
  `cadena` varchar(12) COLLATE utf8mb4_unicode_ci NOT NULL,
  `cadena_mascara` varchar(10) COLLATE utf8mb4_unicode_ci NOT NULL,
  `registrado` tinyint(1) NOT NULL,
  `created_at` timestamp NULL DEFAULT NULL,
  `updated_at` timestamp NULL DEFAULT NULL,
  PRIMARY KEY (`id`),
  UNIQUE KEY `codigos_cadena_unique` (`cadena`),
  KEY `foreign_key_distancia` (`id_distancia`),
  CONSTRAINT `foreign_key_distancia` FOREIGN KEY (`id_distancia`) REFERENCES `distancias` (`id`) ON DELETE CASCADE ON UPDATE CASCADE
) ENGINE=InnoDB AUTO_INCREMENT=701 DEFAULT CHARSET=utf8mb4 COLLATE=utf8mb4_unicode_ci;
/*!40101 SET character_set_client = @saved_cs_client */;

--
-- Dumping data for table `codigos`
--

LOCK TABLES `codigos` WRITE;
/*!40000 ALTER TABLE `codigos` DISABLE KEYS */;
INSERT INTO `codigos` VALUES (1,1,0,'Tvt0LkoGAK','Tv******AK',0,'2022-12-09 01:51:13','2022-12-27 00:04:12'),(2,1,0,'1WcjjBH721','1W******21',0,'2022-12-09 01:51:13','2022-12-27 00:06:42'),(3,1,0,'EkmsCiHQqr','Ek******qr',0,'2022-12-09 01:51:13','2022-12-09 22:16:24'),(4,1,0,'aGUrE6RQRB','aG******RB',0,'2022-12-09 01:51:13','2022-12-09 23:04:12'),(5,1,0,'NvAqLJbtW4','Nv******W4',0,'2022-12-09 01:51:13','2022-12-09 23:13:15'),(6,1,0,'ZZNbsUttBO','ZZ******BO',0,'2022-12-09 01:51:13','2022-12-09 01:51:13'),(7,1,0,'fhj2Hl3HIU','fh******IU',0,'2022-12-09 01:51:13','2022-12-09 01:51:13'),(8,1,0,'cuZspLkO5d','cu******5d',0,'2022-12-09 01:51:13','2022-12-09 01:51:13'),(9,1,0,'UdLWY5HwRZ','Ud******RZ',0,'2022-12-09 01:51:13','2022-12-09 01:51:13'),(10,1,0,'AxdR0QuU2s','Ax******2s',0,'2022-12-09 01:51:13','2022-12-09 01:51:13'),(11,1,0,'LFFEx5qtlZ','LF******lZ',0,'2022-12-09 01:51:14','2022-12-09 01:51:14'),(12,1,0,'mNNSIuwIc3','mN******c3',0,'2022-12-09 01:51:14','2022-12-09 01:51:14'),(13,1,0,'nkSrPLJnx0','nk******x0',0,'2022-12-09 01:51:14','2022-12-09 01:51:14'),(14,1,0,'LD3iGaxSEH','LD******EH',0,'2022-12-09 01:51:14','2022-12-09 01:51:14'),(15,1,0,'hnKRgRUsIw','hn******Iw',0,'2022-12-09 01:51:14','2022-12-23 00:24:14'),(16,1,0,'7EqazYJM1C','7E******1C',0,'2022-12-09 01:51:14','2022-12-26 23:45:41'),(17,1,0,'gBHOCJlKnb','gB******nb',0,'2022-12-09 01:51:14','2022-12-26 23:48:39'),(18,1,0,'0DGAQsNc0k','0D******0k',0,'2022-12-09 01:51:14','2022-12-09 01:51:14'),(19,1,0,'G61JSQGQtm','G6******tm',0,'2022-12-09 01:51:14','2022-12-09 01:51:14'),(20,1,0,'jx7eD4lHdL','jx******dL',0,'2022-12-09 01:51:14','2022-12-09 01:51:14'),(21,1,0,'SF7EA3cgcQ','SF******cQ',0,'2022-12-09 01:51:14','2022-12-09 01:51:14'),(22,1,0,'Sc1e9Vjwct','Sc******ct',0,'2022-12-09 01:51:14','2022-12-09 01:51:14'),(23,1,0,'7ACPMhAaZj','7A******Zj',0,'2022-12-09 01:51:14','2022-12-09 01:51:14'),(24,1,0,'uCqT9TLUrD','uC******rD',0,'2022-12-09 01:51:14','2022-12-09 01:51:14'),(25,1,0,'1F1mExIqdt','1F******dt',0,'2022-12-09 01:51:14','2022-12-09 01:51:14'),(26,1,0,'Agty8PNbBl','Ag******Bl',0,'2022-12-09 01:51:14','2022-12-09 01:51:14'),(27,1,0,'5DWdu4E3EY','5D******EY',0,'2022-12-09 01:51:14','2022-12-09 01:51:14'),(28,1,0,'yCAhJz33BJ','yC******BJ',0,'2022-12-09 01:51:14','2022-12-09 01:51:14'),(29,1,0,'G6JoMub47B','G6******7B',0,'2022-12-09 01:51:14','2022-12-09 01:51:14'),(30,1,0,'5k1Qh6H3jZ','5k******jZ',0,'2022-12-09 01:51:14','2022-12-09 01:51:14'),(31,1,0,'7hdu9zk3ky','7h******ky',0,'2022-12-09 01:51:14','2022-12-09 01:51:14'),(32,1,0,'6nXhk7Tt8Z','6n******8Z',0,'2022-12-09 01:51:14','2022-12-09 01:51:14'),(33,1,0,'FII4OFMyd8','FI******d8',0,'2022-12-09 01:51:15','2022-12-09 01:51:15'),(34,1,0,'078w5pO8J9','07******J9',0,'2022-12-09 01:51:15','2022-12-09 01:51:15'),(35,1,0,'LimKd3SkRx','Li******Rx',0,'2022-12-09 01:51:15','2022-12-09 01:51:15'),(36,1,0,'TCHhEoh9Hx','TC******Hx',0,'2022-12-09 01:51:15','2022-12-09 01:51:15'),(37,1,0,'zgXujZUIzt','zg******zt',0,'2022-12-09 01:51:15','2022-12-09 01:51:15'),(38,1,0,'d8C2BBjSNf','d8******Nf',0,'2022-12-09 01:51:15','2022-12-09 01:51:15'),(39,1,0,'FqcPPpDeUL','Fq******UL',0,'2022-12-09 01:51:15','2022-12-09 01:51:15'),(40,1,0,'aaa8rkaMV5','aa******V5',0,'2022-12-09 01:51:15','2022-12-09 01:51:15'),(41,1,0,'g8HovkVN3H','g8******3H',0,'2022-12-09 01:51:15','2022-12-09 01:51:15'),(42,1,0,'6tjwCrpHDh','6t******Dh',0,'2022-12-09 01:51:15','2022-12-09 01:51:15'),(43,1,0,'4TLuL17msk','4T******sk',0,'2022-12-09 01:51:15','2022-12-09 01:51:15'),(44,1,0,'sbGC2pW4ng','sb******ng',0,'2022-12-09 01:51:15','2022-12-09 01:51:15'),(45,1,0,'pcjTg2EB7X','pc******7X',0,'2022-12-09 01:51:15','2022-12-09 01:51:15'),(46,1,0,'KsgfWMun9d','Ks******9d',0,'2022-12-09 01:51:15','2022-12-09 01:51:15'),(47,1,0,'DEqpqVKEZH','DE******ZH',0,'2022-12-09 01:51:15','2022-12-09 01:51:15'),(48,1,0,'YHwhF84D29','YH******29',0,'2022-12-09 01:51:15','2022-12-09 01:51:15'),(49,1,0,'xAeaZ482Mk','xA******Mk',0,'2022-12-09 01:51:15','2022-12-09 01:51:15'),(50,1,0,'XQWErD1vqn','XQ******qn',0,'2022-12-09 01:51:15','2022-12-09 01:51:15'),(51,1,0,'QnOZFykgjv','Qn******jv',0,'2022-12-09 01:51:16','2022-12-09 01:51:16'),(52,1,0,'YDXpbGvfwH','YD******wH',0,'2022-12-09 01:51:16','2022-12-09 01:51:16'),(53,1,0,'IYquwsxCXS','IY******XS',0,'2022-12-09 01:51:16','2022-12-09 01:51:16'),(54,1,0,'idh0BCup50','id******50',0,'2022-12-09 01:51:16','2022-12-09 01:51:16'),(55,1,0,'ZbjPVq3qkH','Zb******kH',0,'2022-12-09 01:51:16','2022-12-09 01:51:16'),(56,1,0,'t7yfpkFzdT','t7******dT',0,'2022-12-09 01:51:16','2022-12-09 01:51:16'),(57,1,0,'X3NmnVzHJA','X3******JA',0,'2022-12-09 01:51:16','2022-12-09 01:51:16'),(58,1,0,'6DjK1TzUvm','6D******vm',0,'2022-12-09 01:51:16','2022-12-09 01:51:16'),(59,1,0,'rNAGkCNp6p','rN******6p',0,'2022-12-09 01:51:16','2022-12-09 01:51:16'),(60,1,0,'1DnTNXIQFY','1D******FY',0,'2022-12-09 01:51:16','2022-12-09 01:51:16'),(61,1,0,'MMfUijYAC7','MM******C7',0,'2022-12-09 01:51:16','2022-12-09 01:51:16'),(62,1,0,'F0V9nmZ2YD','F0******YD',0,'2022-12-09 01:51:16','2022-12-09 01:51:16'),(63,1,0,'acXVOkav3q','ac******3q',0,'2022-12-09 01:51:16','2022-12-09 01:51:16'),(64,1,0,'3ID4x0E5Ct','3I******Ct',0,'2022-12-09 01:51:16','2022-12-09 01:51:16'),(65,1,0,'LetdLn6uh0','Le******h0',0,'2022-12-09 01:51:16','2022-12-09 01:51:16'),(66,1,0,'0PzkKxJYYi','0P******Yi',0,'2022-12-09 01:51:16','2022-12-09 01:51:16'),(67,1,0,'jOchUc2Zmy','jO******my',0,'2022-12-09 01:51:16','2022-12-09 01:51:16'),(68,1,0,'EYuq6sM2HB','EY******HB',0,'2022-12-09 01:51:16','2022-12-09 01:51:16'),(69,1,0,'B4NFZrxkiy','B4******iy',0,'2022-12-09 01:51:16','2022-12-09 01:51:16'),(70,1,0,'rWfd57Pw34','rW******34',0,'2022-12-09 01:51:16','2022-12-09 01:51:16'),(71,1,0,'aP2wGo42NK','aP******NK',0,'2022-12-09 01:51:16','2022-12-09 01:51:16'),(72,1,0,'DYyG0bCahh','DY******hh',0,'2022-12-09 01:51:16','2022-12-09 01:51:16'),(73,1,0,'CrF94UL82z','Cr******2z',0,'2022-12-09 01:51:16','2022-12-09 01:51:16'),(74,1,0,'SPouGPXtTf','SP******Tf',0,'2022-12-09 01:51:16','2022-12-09 01:51:16'),(75,1,0,'ofx2lvaztS','of******tS',0,'2022-12-09 01:51:16','2022-12-09 01:51:16'),(76,1,0,'EztbKZjhWs','Ez******Ws',0,'2022-12-09 01:51:16','2022-12-09 01:51:16'),(77,1,0,'KVz1LRsLGs','KV******Gs',0,'2022-12-09 01:51:16','2022-12-09 01:51:16'),(78,1,0,'7NXfNceED0','7N******D0',0,'2022-12-09 01:51:16','2022-12-09 01:51:16'),(79,1,0,'q5wIDGzOl7','q5******l7',0,'2022-12-09 01:51:16','2022-12-09 01:51:16'),(80,1,0,'MmvoSYJjcN','Mm******cN',0,'2022-12-09 01:51:16','2022-12-09 01:51:16'),(81,1,0,'LRglCn6IKm','LR******Km',0,'2022-12-09 01:51:17','2022-12-09 01:51:17'),(82,1,0,'0jcBZUXIBS','0j******BS',0,'2022-12-09 01:51:17','2022-12-09 01:51:17'),(83,1,0,'8PrIw7Rlfh','8P******fh',0,'2022-12-09 01:51:17','2022-12-09 01:51:17'),(84,1,0,'yAdwCHS1jM','yA******jM',0,'2022-12-09 01:51:17','2022-12-09 01:51:17'),(85,1,0,'yOVmJovkGD','yO******GD',0,'2022-12-09 01:51:17','2022-12-09 01:51:17'),(86,1,0,'NTggxumWwe','NT******we',0,'2022-12-09 01:51:17','2022-12-09 01:51:17'),(87,1,0,'hzjGURjvXQ','hz******XQ',0,'2022-12-09 01:51:17','2022-12-09 01:51:17'),(88,1,0,'0upAt8Heh9','0u******h9',0,'2022-12-09 01:51:17','2022-12-09 01:51:17'),(89,1,0,'atOMSuq8JM','at******JM',0,'2022-12-09 01:51:17','2022-12-09 01:51:17'),(90,1,0,'OBUl4rxeOC','OB******OC',0,'2022-12-09 01:51:17','2022-12-09 01:51:17'),(91,1,0,'EJ8ZW9TKpl','EJ******pl',0,'2022-12-09 01:51:17','2022-12-09 01:51:17'),(92,1,0,'ZNAFpYOIHl','ZN******Hl',0,'2022-12-09 01:51:17','2022-12-09 01:51:17'),(93,1,0,'ZFbgXdlnm7','ZF******m7',0,'2022-12-09 01:51:17','2022-12-09 01:51:17'),(94,1,0,'5sjEIp714b','5s******4b',0,'2022-12-09 01:51:17','2022-12-09 01:51:17'),(95,1,0,'F7Rz0zY1Hs','F7******Hs',0,'2022-12-09 01:51:17','2022-12-09 01:51:17'),(96,1,0,'sxt3RaFbGk','sx******Gk',0,'2022-12-09 01:51:17','2022-12-09 01:51:17'),(97,1,0,'qJQNkyC8PC','qJ******PC',0,'2022-12-09 01:51:17','2022-12-09 01:51:17'),(98,1,0,'F0zC1DtYBo','F0******Bo',0,'2022-12-09 01:51:17','2022-12-09 01:51:17'),(99,1,0,'Brno6SAzT1','Br******T1',0,'2022-12-09 01:51:17','2022-12-09 01:51:17'),(100,1,0,'O1nobAClBi','O1******Bi',0,'2022-12-09 01:51:17','2022-12-09 01:51:17'),(101,1,0,'Gx6I9AXjZR','Gx******ZR',0,'2022-12-09 01:51:17','2022-12-09 01:51:17'),(102,1,0,'4kFuNDyu9h','4k******9h',0,'2022-12-09 01:51:17','2022-12-09 01:51:17'),(103,1,0,'dwKGl5PeVv','dw******Vv',0,'2022-12-09 01:51:17','2022-12-09 01:51:17'),(104,1,0,'Wi3yrHFBBZ','Wi******BZ',0,'2022-12-09 01:51:17','2022-12-09 01:51:17'),(105,1,0,'bAPnAEgiOB','bA******OB',0,'2022-12-09 01:51:17','2022-12-09 01:51:17'),(106,1,0,'pSWiqlsp2G','pS******2G',0,'2022-12-09 01:51:18','2022-12-09 01:51:18'),(107,1,0,'69d8kvSxNf','69******Nf',0,'2022-12-09 01:51:18','2022-12-09 01:51:18'),(108,1,0,'UEFHzzYxij','UE******ij',0,'2022-12-09 01:51:18','2022-12-09 01:51:18'),(109,1,0,'bmQ1s0JGXE','bm******XE',0,'2022-12-09 01:51:18','2022-12-09 01:51:18'),(110,1,0,'a7udIxMOeD','a7******eD',0,'2022-12-09 01:51:18','2022-12-09 01:51:18'),(111,1,0,'oiDckTL11g','oi******1g',0,'2022-12-09 01:51:18','2022-12-09 01:51:18'),(112,1,0,'fdF6LFhkRp','fd******Rp',0,'2022-12-09 01:51:18','2022-12-09 01:51:18'),(113,1,0,'rEpE66SHX0','rE******X0',0,'2022-12-09 01:51:18','2022-12-09 01:51:18'),(114,1,0,'kHgNKQ5esH','kH******sH',0,'2022-12-09 01:51:18','2022-12-09 01:51:18'),(115,1,0,'YtQib3yg4P','Yt******4P',0,'2022-12-09 01:51:18','2022-12-09 01:51:18'),(116,1,0,'LDcDzKfxc1','LD******c1',0,'2022-12-09 01:51:18','2022-12-09 01:51:18'),(117,1,0,'WvRrYLFGfq','Wv******fq',0,'2022-12-09 01:51:18','2022-12-09 01:51:18'),(118,1,0,'5pPYRxhqZS','5p******ZS',0,'2022-12-09 01:51:18','2022-12-09 01:51:18'),(119,1,0,'rU16yz21a3','rU******a3',0,'2022-12-09 01:51:18','2022-12-09 01:51:18'),(120,1,0,'btqPELflRa','bt******Ra',0,'2022-12-09 01:51:18','2022-12-09 01:51:18'),(121,1,0,'nnUTE2Hej1','nn******j1',0,'2022-12-09 01:51:19','2022-12-09 01:51:19'),(122,1,0,'IWvRNBeM2m','IW******2m',0,'2022-12-09 01:51:19','2022-12-09 01:51:19'),(123,1,0,'rLELKpot2O','rL******2O',0,'2022-12-09 01:51:19','2022-12-09 01:51:19'),(124,1,0,'kFaJh6vYUg','kF******Ug',0,'2022-12-09 01:51:19','2022-12-09 01:51:19'),(125,1,0,'hJzQDTo2oV','hJ******oV',0,'2022-12-09 01:51:19','2022-12-09 01:51:19'),(126,1,0,'PA4UQyyCSn','PA******Sn',0,'2022-12-09 01:51:19','2022-12-09 01:51:19'),(127,1,0,'kZIZw0LCIo','kZ******Io',0,'2022-12-09 01:51:19','2022-12-09 01:51:19'),(128,1,0,'rAo1XYqeda','rA******da',0,'2022-12-09 01:51:19','2022-12-09 01:51:19'),(129,1,0,'v4C8gzWS39','v4******39',0,'2022-12-09 01:51:19','2022-12-09 01:51:19'),(130,1,0,'vQn9K8j9zN','vQ******zN',0,'2022-12-09 01:51:19','2022-12-09 01:51:19'),(131,1,0,'DnTdFCZRRl','Dn******Rl',0,'2022-12-09 01:51:19','2022-12-09 01:51:19'),(132,1,0,'1IsRpywJza','1I******za',0,'2022-12-09 01:51:19','2022-12-09 01:51:19'),(133,1,0,'7alVkrhiLF','7a******LF',0,'2022-12-09 01:51:19','2022-12-09 01:51:19'),(134,1,0,'ntA9hRcVix','nt******ix',0,'2022-12-09 01:51:19','2022-12-09 01:51:19'),(135,1,0,'Te01y6F7VS','Te******VS',0,'2022-12-09 01:51:19','2022-12-09 01:51:19'),(136,1,0,'63MF8kRKZc','63******Zc',0,'2022-12-09 01:51:19','2022-12-09 01:51:19'),(137,1,0,'01oWNsuWrC','01******rC',0,'2022-12-09 01:51:19','2022-12-09 01:51:19'),(138,1,0,'Tw4mok0Lae','Tw******ae',0,'2022-12-09 01:51:19','2022-12-09 01:51:19'),(139,1,0,'rDzaOTm47W','rD******7W',0,'2022-12-09 01:51:19','2022-12-09 01:51:19'),(140,1,0,'8NH9LyOqgL','8N******gL',0,'2022-12-09 01:51:19','2022-12-09 01:51:19'),(141,1,0,'mtpZ1kbRsA','mt******sA',0,'2022-12-09 01:51:19','2022-12-09 01:51:19'),(142,1,0,'7Uqeadq3ke','7U******ke',0,'2022-12-09 01:51:19','2022-12-09 01:51:19'),(143,1,0,'vZr7hWz7az','vZ******az',0,'2022-12-09 01:51:19','2022-12-09 01:51:19'),(144,1,0,'sm53wFmyHq','sm******Hq',0,'2022-12-09 01:51:19','2022-12-09 01:51:19'),(145,1,0,'UcZZFCQlcD','Uc******cD',0,'2022-12-09 01:51:20','2022-12-09 01:51:20'),(146,1,0,'ZpWvk6zTuZ','Zp******uZ',0,'2022-12-09 01:51:20','2022-12-09 01:51:20'),(147,1,0,'XIuK5KI7jS','XI******jS',0,'2022-12-09 01:51:20','2022-12-09 01:51:20'),(148,1,0,'z6SxTpVdo2','z6******o2',0,'2022-12-09 01:51:20','2022-12-09 01:51:20'),(149,1,0,'xkpDXJkBBl','xk******Bl',0,'2022-12-09 01:51:20','2022-12-09 01:51:20'),(150,1,0,'W5UUqdWUOE','W5******OE',0,'2022-12-09 01:51:20','2022-12-09 01:51:20'),(151,1,0,'zR1DuyKzFG','zR******FG',0,'2022-12-09 01:51:20','2022-12-09 01:51:20'),(152,1,0,'8t8tG72pfz','8t******fz',0,'2022-12-09 01:51:20','2022-12-09 01:51:20'),(153,1,0,'SUaYnjYuY0','SU******Y0',0,'2022-12-09 01:51:20','2022-12-09 01:51:20'),(154,1,0,'mjuFiSEXOy','mj******Oy',0,'2022-12-09 01:51:20','2022-12-09 01:51:20'),(155,1,0,'MX1jlUgdPK','MX******PK',0,'2022-12-09 01:51:20','2022-12-09 01:51:20'),(156,1,0,'VaFjlCkG6h','Va******6h',0,'2022-12-09 01:51:20','2022-12-09 01:51:20'),(157,1,0,'sdAbcK9s3e','sd******3e',0,'2022-12-09 01:51:20','2022-12-09 01:51:20'),(158,1,0,'4NaKUIf8O4','4N******O4',0,'2022-12-09 01:51:20','2022-12-09 01:51:20'),(159,1,0,'VQQRdRq82V','VQ******2V',0,'2022-12-09 01:51:20','2022-12-09 01:51:20'),(160,1,0,'ksFuIPIf5R','ks******5R',0,'2022-12-09 01:51:20','2022-12-09 01:51:20'),(161,1,0,'NglunvqSUt','Ng******Ut',0,'2022-12-09 01:51:20','2022-12-09 01:51:20'),(162,1,0,'Yav4yflXxz','Ya******xz',0,'2022-12-09 01:51:21','2022-12-09 01:51:21'),(163,1,0,'Fw4WSwJDmN','Fw******mN',0,'2022-12-09 01:51:21','2022-12-09 01:51:21'),(164,1,0,'ulUuIXKJZf','ul******Zf',0,'2022-12-09 01:51:21','2022-12-09 01:51:21'),(165,1,0,'rXTtsAaOlt','rX******lt',0,'2022-12-09 01:51:21','2022-12-09 01:51:21'),(166,1,0,'6NRWOvIwtv','6N******tv',0,'2022-12-09 01:51:21','2022-12-09 01:51:21'),(167,1,0,'q5meJNtBfR','q5******fR',0,'2022-12-09 01:51:21','2022-12-09 01:51:21'),(168,1,0,'W6POjeAAgm','W6******gm',0,'2022-12-09 01:51:21','2022-12-09 01:51:21'),(169,1,0,'59n1A2lq8I','59******8I',0,'2022-12-09 01:51:21','2022-12-09 01:51:21'),(170,1,0,'PmkuoZdhQh','Pm******Qh',0,'2022-12-09 01:51:21','2022-12-09 01:51:21'),(171,1,0,'ftxIpzC6zU','ft******zU',0,'2022-12-09 01:51:21','2022-12-09 01:51:21'),(172,1,0,'jH5IAYwFZo','jH******Zo',0,'2022-12-09 01:51:21','2022-12-09 01:51:21'),(173,1,0,'cSkHY9CUX7','cS******X7',0,'2022-12-09 01:51:21','2022-12-09 01:51:21'),(174,1,0,'sdGh1X7RLH','sd******LH',0,'2022-12-09 01:51:21','2022-12-09 01:51:21'),(175,1,0,'TTW9gdRv7B','TT******7B',0,'2022-12-09 01:51:21','2022-12-09 01:51:21'),(176,1,0,'FkPEDrPdSS','Fk******SS',0,'2022-12-09 01:51:21','2022-12-09 01:51:21'),(177,1,0,'zZWBy5YxAX','zZ******AX',0,'2022-12-09 01:51:21','2022-12-09 01:51:21'),(178,1,0,'2EvRzmxqOk','2E******Ok',0,'2022-12-09 01:51:21','2022-12-09 01:51:21'),(179,1,0,'QnWNQloEif','Qn******if',0,'2022-12-09 01:51:21','2022-12-09 01:51:21'),(180,1,0,'ebEM7dZ4GV','eb******GV',0,'2022-12-09 01:51:21','2022-12-09 01:51:21'),(181,1,0,'zexQNdLRkG','ze******kG',0,'2022-12-09 01:51:21','2022-12-09 01:51:21'),(182,1,0,'M4Wexihwao','M4******ao',0,'2022-12-09 01:51:21','2022-12-09 01:51:21'),(183,1,0,'MaPJUpTAdM','Ma******dM',0,'2022-12-09 01:51:21','2022-12-09 01:51:21'),(184,1,0,'xN29MLJpcB','xN******cB',0,'2022-12-09 01:51:21','2022-12-09 01:51:21'),(185,1,0,'OlXCLNvK4F','Ol******4F',0,'2022-12-09 01:51:21','2022-12-09 01:51:21'),(186,1,0,'FSWyYnzRqn','FS******qn',0,'2022-12-09 01:51:21','2022-12-09 01:51:21'),(187,1,0,'ONOYY56lOm','ON******Om',0,'2022-12-09 01:51:21','2022-12-09 01:51:21'),(188,1,0,'lXvTCAbqdQ','lX******dQ',0,'2022-12-09 01:51:21','2022-12-09 01:51:21'),(189,1,0,'ykIX8LX9bY','yk******bY',0,'2022-12-09 01:51:21','2022-12-09 01:51:21'),(190,1,0,'pQkSdgmfAe','pQ******Ae',0,'2022-12-09 01:51:21','2022-12-09 01:51:21'),(191,1,0,'PIuuL4gGf0','PI******f0',0,'2022-12-09 01:51:21','2022-12-09 01:51:21'),(192,1,0,'tYgpdCrVYL','tY******YL',0,'2022-12-09 01:51:22','2022-12-09 01:51:22'),(193,1,0,'1VXJ3TxJmD','1V******mD',0,'2022-12-09 01:51:22','2022-12-09 01:51:22'),(194,1,0,'wOkcCqSLJI','wO******JI',0,'2022-12-09 01:51:22','2022-12-09 01:51:22'),(195,1,0,'5h9wFQHbwz','5h******wz',0,'2022-12-09 01:51:22','2022-12-09 01:51:22'),(196,1,0,'5f0tSqUpf7','5f******f7',0,'2022-12-09 01:51:22','2022-12-09 01:51:22'),(197,1,0,'R35DeZ1DNN','R3******NN',0,'2022-12-09 01:51:22','2022-12-09 01:51:22'),(198,1,0,'fT0B668eaA','fT******aA',0,'2022-12-09 01:51:22','2022-12-09 01:51:22'),(199,1,0,'v5JQuMJSpF','v5******pF',0,'2022-12-09 01:51:22','2022-12-09 01:51:22'),(200,1,0,'uUMC97SVzz','uU******zz',0,'2022-12-09 01:51:22','2022-12-09 01:51:22'),(201,1,0,'Qh8ihRbc99','Qh******99',0,'2022-12-09 01:51:22','2022-12-09 01:51:22'),(202,1,0,'czNIrqNKKK','cz******KK',0,'2022-12-09 01:51:22','2022-12-09 01:51:22'),(203,1,0,'cfriAsPv0Y','cf******0Y',0,'2022-12-09 01:51:22','2022-12-09 01:51:22'),(204,1,0,'Z1ePA4dGr2','Z1******r2',0,'2022-12-09 01:51:22','2022-12-09 01:51:22'),(205,1,0,'VkFXNzz2FK','Vk******FK',0,'2022-12-09 01:51:22','2022-12-09 01:51:22'),(206,1,0,'YLMifZ1mUc','YL******Uc',0,'2022-12-09 01:51:22','2022-12-09 01:51:22'),(207,1,0,'bcdlDPNsHF','bc******HF',0,'2022-12-09 01:51:22','2022-12-09 01:51:22'),(208,1,0,'bkfwOrQNON','bk******ON',0,'2022-12-09 01:51:22','2022-12-09 01:51:22'),(209,1,0,'N9nAl7N1RR','N9******RR',0,'2022-12-09 01:51:22','2022-12-09 01:51:22'),(210,1,0,'ZGIK3CLJUZ','ZG******UZ',0,'2022-12-09 01:51:22','2022-12-09 01:51:22'),(211,1,0,'g7twBOMNTs','g7******Ts',0,'2022-12-09 01:51:22','2022-12-09 01:51:22'),(212,1,0,'QqwwdLQ5QW','Qq******QW',0,'2022-12-09 01:51:22','2022-12-09 01:51:22'),(213,1,0,'6N0QJOOb9D','6N******9D',0,'2022-12-09 01:51:22','2022-12-09 01:51:22'),(214,1,0,'Vh8FiUOqNn','Vh******Nn',0,'2022-12-09 01:51:22','2022-12-09 01:51:22'),(215,1,0,'9YETqwna7a','9Y******7a',0,'2022-12-09 01:51:22','2022-12-09 01:51:22'),(216,1,0,'GEjYGVxbOM','GE******OM',0,'2022-12-09 01:51:22','2022-12-09 01:51:22'),(217,1,0,'BJLrvtK5kc','BJ******kc',0,'2022-12-09 01:51:22','2022-12-09 01:51:22'),(218,1,0,'QhqQgxn9Tu','Qh******Tu',0,'2022-12-09 01:51:22','2022-12-09 01:51:22'),(219,1,0,'SIdzoVCFvm','SI******vm',0,'2022-12-09 01:51:22','2022-12-09 01:51:22'),(220,1,0,'nuPNK9HJRh','nu******Rh',0,'2022-12-09 01:51:22','2022-12-09 01:51:22'),(221,1,0,'EFbUqkTuU3','EF******U3',0,'2022-12-09 01:51:22','2022-12-09 01:51:22'),(222,1,0,'tWWWx16ECI','tW******CI',0,'2022-12-09 01:51:22','2022-12-09 01:51:22'),(223,1,0,'CQmILZhJdO','CQ******dO',0,'2022-12-09 01:51:22','2022-12-09 01:51:22'),(224,1,0,'BazQ03Q6ar','Ba******ar',0,'2022-12-09 01:51:22','2022-12-09 01:51:22'),(225,1,0,'8FS9GlGprx','8F******rx',0,'2022-12-09 01:51:23','2022-12-09 01:51:23'),(226,1,0,'HCd6o4iq8M','HC******8M',0,'2022-12-09 01:51:23','2022-12-09 01:51:23'),(227,1,0,'AIVZ1C7TIa','AI******Ia',0,'2022-12-09 01:51:23','2022-12-09 01:51:23'),(228,1,0,'9vMSyVtVws','9v******ws',0,'2022-12-09 01:51:23','2022-12-09 01:51:23'),(229,1,0,'t2pvFGPR9T','t2******9T',0,'2022-12-09 01:51:23','2022-12-09 01:51:23'),(230,1,0,'ipUFfHempm','ip******pm',0,'2022-12-09 01:51:23','2022-12-09 01:51:23'),(231,1,0,'2gF4AWohBn','2g******Bn',0,'2022-12-09 01:51:23','2022-12-09 01:51:23'),(232,1,0,'ciZ8NfuEzF','ci******zF',0,'2022-12-09 01:51:23','2022-12-09 01:51:23'),(233,1,0,'ZM2LyjnKTe','ZM******Te',0,'2022-12-09 01:51:23','2022-12-09 01:51:23'),(234,1,0,'N1bkaEGGB5','N1******B5',0,'2022-12-09 01:51:23','2022-12-09 01:51:23'),(235,1,0,'REEQSwURmX','RE******mX',0,'2022-12-09 01:51:23','2022-12-09 01:51:23'),(236,1,0,'oULjudxOfL','oU******fL',0,'2022-12-09 01:51:23','2022-12-09 01:51:23'),(237,1,0,'8quvA2sB1U','8q******1U',0,'2022-12-09 01:51:23','2022-12-09 01:51:23'),(238,1,0,'Q2qcRK02gx','Q2******gx',0,'2022-12-09 01:51:23','2022-12-09 01:51:23'),(239,1,0,'H5TWpAhuFU','H5******FU',0,'2022-12-09 01:51:23','2022-12-09 01:51:23'),(240,1,0,'UM9WGsX6Gg','UM******Gg',0,'2022-12-09 01:51:24','2022-12-09 01:51:24'),(241,1,0,'wrOtXF6gDZ','wr******DZ',0,'2022-12-09 01:51:24','2022-12-09 01:51:24'),(242,1,0,'vHRrOdWBvD','vH******vD',0,'2022-12-09 01:51:24','2022-12-09 01:51:24'),(243,1,0,'lOi8VuDC01','lO******01',0,'2022-12-09 01:51:24','2022-12-09 01:51:24'),(244,1,0,'5nZvpXOjqA','5n******qA',0,'2022-12-09 01:51:24','2022-12-09 01:51:24'),(245,1,0,'mVoLYDpmKZ','mV******KZ',0,'2022-12-09 01:51:24','2022-12-09 01:51:24'),(246,1,0,'cnLkbLfpLO','cn******LO',0,'2022-12-09 01:51:24','2022-12-09 01:51:24'),(247,1,0,'U3Tl1MbspT','U3******pT',0,'2022-12-09 01:51:24','2022-12-09 01:51:24'),(248,1,0,'8q1l7utIfr','8q******fr',0,'2022-12-09 01:51:24','2022-12-09 01:51:24'),(249,1,0,'ink02tid4U','in******4U',0,'2022-12-09 01:51:24','2022-12-09 01:51:24'),(250,1,0,'nXlrXaqWTt','nX******Tt',0,'2022-12-09 01:51:24','2022-12-09 01:51:24'),(251,1,0,'pphkoDNyiU','pp******iU',0,'2022-12-09 01:51:24','2022-12-09 01:51:24'),(252,1,0,'qo6dBf1soe','qo******oe',0,'2022-12-09 01:51:24','2022-12-09 01:51:24'),(253,1,0,'axKNndm17o','ax******7o',0,'2022-12-09 01:51:24','2022-12-09 01:51:24'),(254,1,0,'sbDUM60aOE','sb******OE',0,'2022-12-09 01:51:24','2022-12-09 01:51:24'),(255,1,0,'ulLLxU6h6E','ul******6E',0,'2022-12-09 01:51:24','2022-12-09 01:51:24'),(256,1,0,'xPffAwir1r','xP******1r',0,'2022-12-09 01:51:25','2022-12-09 01:51:25'),(257,1,0,'eE6wYVT0rd','eE******rd',0,'2022-12-09 01:51:25','2022-12-09 01:51:25'),(258,1,0,'RHBfUw8kw0','RH******w0',0,'2022-12-09 01:51:25','2022-12-09 01:51:25'),(259,1,0,'FYqhswWfQ8','FY******Q8',0,'2022-12-09 01:51:25','2022-12-09 01:51:25'),(260,1,0,'yCc1lMFcCS','yC******CS',0,'2022-12-09 01:51:25','2022-12-09 01:51:25'),(261,1,0,'kqgiX4p6ux','kq******ux',0,'2022-12-09 01:51:25','2022-12-09 01:51:25'),(262,1,0,'WObiBhtFRl','WO******Rl',0,'2022-12-09 01:51:25','2022-12-09 01:51:25'),(263,1,0,'Yqyu4aUTFh','Yq******Fh',0,'2022-12-09 01:51:25','2022-12-09 01:51:25'),(264,1,0,'uzY1avqE6L','uz******6L',0,'2022-12-09 01:51:25','2022-12-09 01:51:25'),(265,1,0,'IuRNmpQng1','Iu******g1',0,'2022-12-09 01:51:26','2022-12-09 01:51:26'),(266,1,0,'ZZqyTFXlqt','ZZ******qt',0,'2022-12-09 01:51:26','2022-12-09 01:51:26'),(267,1,0,'yp29zQLvlW','yp******lW',0,'2022-12-09 01:51:26','2022-12-09 01:51:26'),(268,1,0,'B7izO2Ymim','B7******im',0,'2022-12-09 01:51:26','2022-12-09 01:51:26'),(269,1,0,'nZBNriJ1si','nZ******si',0,'2022-12-09 01:51:26','2022-12-09 01:51:26'),(270,1,0,'uoplq2d5vX','uo******vX',0,'2022-12-09 01:51:26','2022-12-09 01:51:26'),(271,1,0,'pVohrWjd6m','pV******6m',0,'2022-12-09 01:51:26','2022-12-09 01:51:26'),(272,1,0,'dIE575Fcot','dI******ot',0,'2022-12-09 01:51:26','2022-12-09 01:51:26'),(273,1,0,'WdF3b2qEOg','Wd******Og',0,'2022-12-09 01:51:26','2022-12-09 01:51:26'),(274,1,0,'GXGDv2J2O2','GX******O2',0,'2022-12-09 01:51:26','2022-12-09 01:51:26'),(275,1,0,'lzVgz52Q0C','lz******0C',0,'2022-12-09 01:51:26','2022-12-09 01:51:26'),(276,1,0,'w5i9ML5Doy','w5******oy',0,'2022-12-09 01:51:26','2022-12-09 01:51:26'),(277,1,0,'WBwp14yUzl','WB******zl',0,'2022-12-09 01:51:26','2022-12-09 01:51:26'),(278,1,0,'0R69d2aNBY','0R******BY',0,'2022-12-09 01:51:26','2022-12-09 01:51:26'),(279,1,0,'hmWLX7MqqO','hm******qO',0,'2022-12-09 01:51:26','2022-12-09 01:51:26'),(280,1,0,'4u1pvjZonH','4u******nH',0,'2022-12-09 01:51:26','2022-12-09 01:51:26'),(281,1,0,'67bLh6c3Rs','67******Rs',0,'2022-12-09 01:51:26','2022-12-09 01:51:26'),(282,1,0,'h2NfBClsqd','h2******qd',0,'2022-12-09 01:51:26','2022-12-09 01:51:26'),(283,1,0,'siQmEKCTxc','si******xc',0,'2022-12-09 01:51:26','2022-12-09 01:51:26'),(284,1,0,'Y8wKH4DVpM','Y8******pM',0,'2022-12-09 01:51:27','2022-12-09 01:51:27'),(285,1,0,'b5kLLFCF5y','b5******5y',0,'2022-12-09 01:51:27','2022-12-09 01:51:27'),(286,1,0,'28m0WLLSaE','28******aE',0,'2022-12-09 01:51:27','2022-12-09 01:51:27'),(287,1,0,'vQf4ZwYHTT','vQ******TT',0,'2022-12-09 01:51:27','2022-12-09 01:51:27'),(288,1,0,'Uv8N7sWlpO','Uv******pO',0,'2022-12-09 01:51:27','2022-12-09 01:51:27'),(289,1,0,'UvAhNxJQI5','Uv******I5',0,'2022-12-09 01:51:27','2022-12-09 01:51:27'),(290,1,0,'taJ4HQAXro','ta******ro',0,'2022-12-09 01:51:27','2022-12-09 01:51:27'),(291,1,0,'G9q5uRy4L4','G9******L4',0,'2022-12-09 01:51:27','2022-12-09 01:51:27'),(292,1,0,'h7XRnKJ9cP','h7******cP',0,'2022-12-09 01:51:27','2022-12-09 01:51:27'),(293,1,0,'wV0Vd8A6hD','wV******hD',0,'2022-12-09 01:51:27','2022-12-09 01:51:27'),(294,1,0,'f09V6kqgoS','f0******oS',0,'2022-12-09 01:51:27','2022-12-09 01:51:27'),(295,1,0,'tjEob4nudg','tj******dg',0,'2022-12-09 01:51:27','2022-12-09 01:51:27'),(296,1,0,'g3ZAykciE8','g3******E8',0,'2022-12-09 01:51:27','2022-12-09 01:51:27'),(297,1,0,'ppV40d0DuC','pp******uC',0,'2022-12-09 01:51:27','2022-12-09 01:51:27'),(298,1,0,'FtiGZFiv18','Ft******18',0,'2022-12-09 01:51:27','2022-12-09 01:51:27'),(299,1,0,'7VtR3EZF5k','7V******5k',0,'2022-12-09 01:51:27','2022-12-09 01:51:27'),(300,1,0,'693S4F971E','69******1E',0,'2022-12-09 01:51:27','2022-12-09 01:51:27'),(301,1,0,'qbVeySw5rv','qb******rv',0,'2022-12-09 01:51:27','2022-12-09 01:51:27'),(302,1,0,'EhfIPZlD7z','Eh******7z',0,'2022-12-09 01:51:27','2022-12-09 01:51:27'),(303,1,0,'4kQy6rZJVs','4k******Vs',0,'2022-12-09 01:51:27','2022-12-09 01:51:27'),(304,1,0,'jL72BLUUPJ','jL******PJ',0,'2022-12-09 01:51:27','2022-12-09 01:51:27'),(305,1,0,'mekhaIk4yE','me******yE',0,'2022-12-09 01:51:28','2022-12-09 01:51:28'),(306,1,0,'ulwbNNlGjU','ul******jU',0,'2022-12-09 01:51:28','2022-12-09 01:51:28'),(307,1,0,'IMmgHfurmL','IM******mL',0,'2022-12-09 01:51:28','2022-12-09 01:51:28'),(308,1,0,'znLX0SjFfr','zn******fr',0,'2022-12-09 01:51:28','2022-12-09 01:51:28'),(309,1,0,'sNf3ANHu9g','sN******9g',0,'2022-12-09 01:51:28','2022-12-09 01:51:28'),(310,1,0,'X9RWbdLOXp','X9******Xp',0,'2022-12-09 01:51:28','2022-12-09 01:51:28'),(311,1,0,'77kJqXUCUx','77******Ux',0,'2022-12-09 01:51:28','2022-12-09 01:51:28'),(312,1,0,'CkcpkG1fKT','Ck******KT',0,'2022-12-09 01:51:28','2022-12-09 01:51:28'),(313,1,0,'OWY5XjlDZB','OW******ZB',0,'2022-12-09 01:51:28','2022-12-09 01:51:28'),(314,1,0,'6Phcp2OElL','6P******lL',0,'2022-12-09 01:51:28','2022-12-09 01:51:28'),(315,1,0,'9xlyiiKTBI','9x******BI',0,'2022-12-09 01:51:28','2022-12-09 01:51:28'),(316,1,0,'iGcVVyrFrf','iG******rf',0,'2022-12-09 01:51:28','2022-12-09 01:51:28'),(317,1,0,'Kg5NSKU6OX','Kg******OX',0,'2022-12-09 01:51:28','2022-12-09 01:51:28'),(318,1,0,'EFQDFRV6bM','EF******bM',0,'2022-12-09 01:51:28','2022-12-09 01:51:28'),(319,1,0,'Nzc15rNgad','Nz******ad',0,'2022-12-09 01:51:28','2022-12-09 01:51:28'),(320,1,0,'5nqlonrwBX','5n******BX',0,'2022-12-09 01:51:28','2022-12-09 01:51:28'),(321,1,0,'wf1i7LtKeM','wf******eM',0,'2022-12-09 01:51:28','2022-12-09 01:51:28'),(322,1,0,'jOvZjunGp7','jO******p7',0,'2022-12-09 01:51:28','2022-12-09 01:51:28'),(323,1,0,'8LRq5DXAGX','8L******GX',0,'2022-12-09 01:51:28','2022-12-09 01:51:28'),(324,1,0,'P3gy4AXMva','P3******va',0,'2022-12-09 01:51:28','2022-12-09 01:51:28'),(325,1,0,'j6zgFtxdjR','j6******jR',0,'2022-12-09 01:51:28','2022-12-09 01:51:28'),(326,1,0,'mT82p5N77B','mT******7B',0,'2022-12-09 01:51:28','2022-12-09 01:51:28'),(327,1,0,'6bCVpqG4oD','6b******oD',0,'2022-12-09 01:51:28','2022-12-09 01:51:28'),(328,1,0,'zVjeK6OFrT','zV******rT',0,'2022-12-09 01:51:29','2022-12-09 01:51:29'),(329,1,0,'aUBH5QGtNT','aU******NT',0,'2022-12-09 01:51:29','2022-12-09 01:51:29'),(330,1,0,'Zw2uEPKobU','Zw******bU',0,'2022-12-09 01:51:29','2022-12-09 01:51:29'),(331,1,0,'DpvN71TakD','Dp******kD',0,'2022-12-09 01:51:29','2022-12-09 01:51:29'),(332,1,0,'PWN89UO0dC','PW******dC',0,'2022-12-09 01:51:29','2022-12-09 01:51:29'),(333,1,0,'eKFbmUa9Cv','eK******Cv',0,'2022-12-09 01:51:29','2022-12-09 01:51:29'),(334,1,0,'iZYDIpBCbm','iZ******bm',0,'2022-12-09 01:51:29','2022-12-09 01:51:29'),(335,1,0,'cXlVQtiyQ9','cX******Q9',0,'2022-12-09 01:51:29','2022-12-09 01:51:29'),(336,1,0,'GNgFPvmNbf','GN******bf',0,'2022-12-09 01:51:29','2022-12-09 01:51:29'),(337,1,0,'XUPKayBGrd','XU******rd',0,'2022-12-09 01:51:29','2022-12-09 01:51:29'),(338,1,0,'64doi0pm9a','64******9a',0,'2022-12-09 01:51:29','2022-12-09 01:51:29'),(339,1,0,'EoAF0sZL9d','Eo******9d',0,'2022-12-09 01:51:29','2022-12-09 01:51:29'),(340,1,0,'LgrheFu1hz','Lg******hz',0,'2022-12-09 01:51:29','2022-12-09 01:51:29'),(341,1,0,'ucxpCm6Mmu','uc******mu',0,'2022-12-09 01:51:29','2022-12-09 01:51:29'),(342,1,0,'OuzA5EaZwf','Ou******wf',0,'2022-12-09 01:51:29','2022-12-09 01:51:29'),(343,1,0,'n5od5M0jL6','n5******L6',0,'2022-12-09 01:51:29','2022-12-09 01:51:29'),(344,1,0,'92siV2XZ7V','92******7V',0,'2022-12-09 01:51:29','2022-12-09 01:51:29'),(345,1,0,'fRCBQij1YX','fR******YX',0,'2022-12-09 01:51:29','2022-12-09 01:51:29'),(346,1,0,'NCSXO7avHr','NC******Hr',0,'2022-12-09 01:51:29','2022-12-09 01:51:29'),(347,1,0,'VrbBHIPcs0','Vr******s0',0,'2022-12-09 01:51:29','2022-12-09 01:51:29'),(348,1,0,'Op0cXq1CV7','Op******V7',0,'2022-12-09 01:51:29','2022-12-09 01:51:29'),(349,1,0,'L9QqwoagCx','L9******Cx',0,'2022-12-09 01:51:29','2022-12-09 01:51:29'),(350,1,0,'REGAeqB8xR','RE******xR',0,'2022-12-09 01:51:29','2022-12-09 01:51:29'),(351,1,0,'AfSdQ8bHAN','Af******AN',0,'2022-12-09 01:51:29','2022-12-09 01:51:29'),(352,1,0,'i5U6wVod66','i5******66',0,'2022-12-09 01:51:30','2022-12-09 01:51:30'),(353,1,0,'RALuHbYUZM','RA******ZM',0,'2022-12-09 01:51:30','2022-12-09 01:51:30'),(354,1,0,'G2acmN1blm','G2******lm',0,'2022-12-09 01:51:30','2022-12-09 01:51:30'),(355,1,0,'j05VA5ZYEt','j0******Et',0,'2022-12-09 01:51:30','2022-12-09 01:51:30'),(356,1,0,'zFN98CsXT4','zF******T4',0,'2022-12-09 01:51:30','2022-12-09 01:51:30'),(357,1,0,'ZSy01wVkyk','ZS******yk',0,'2022-12-09 01:51:30','2022-12-09 01:51:30'),(358,1,0,'lJSu1idjVh','lJ******Vh',0,'2022-12-09 01:51:30','2022-12-09 01:51:30'),(359,1,0,'A2z74YfZqJ','A2******qJ',0,'2022-12-09 01:51:30','2022-12-09 01:51:30'),(360,1,0,'EFLdv6Xgs9','EF******s9',0,'2022-12-09 01:51:30','2022-12-09 01:51:30'),(361,1,0,'ChnQmQjpXQ','Ch******XQ',0,'2022-12-09 01:51:30','2022-12-09 01:51:30'),(362,1,0,'5cRXAGHQr9','5c******r9',0,'2022-12-09 01:51:30','2022-12-09 01:51:30'),(363,1,0,'9CalikjHF9','9C******F9',0,'2022-12-09 01:51:30','2022-12-09 01:51:30'),(364,1,0,'HQlgk8hlz1','HQ******z1',0,'2022-12-09 01:51:30','2022-12-09 01:51:30'),(365,1,0,'WYnUkhi7bi','WY******bi',0,'2022-12-09 01:51:30','2022-12-09 01:51:30'),(366,1,0,'lTXs3p0BdO','lT******dO',0,'2022-12-09 01:51:30','2022-12-09 01:51:30'),(367,1,0,'IuizuxMbjU','Iu******jU',0,'2022-12-09 01:51:30','2022-12-09 01:51:30'),(368,1,0,'bD9kdE3jAI','bD******AI',0,'2022-12-09 01:51:30','2022-12-09 01:51:30'),(369,1,0,'3LyyyFQbPK','3L******PK',0,'2022-12-09 01:51:30','2022-12-09 01:51:30'),(370,1,0,'p4YYYeoQIr','p4******Ir',0,'2022-12-09 01:51:30','2022-12-09 01:51:30'),(371,1,0,'e7mhjmKta8','e7******a8',0,'2022-12-09 01:51:30','2022-12-09 01:51:30'),(372,1,0,'JnZB0ss2bv','Jn******bv',0,'2022-12-09 01:51:30','2022-12-09 01:51:30'),(373,1,0,'Zs7DwCBIdn','Zs******dn',0,'2022-12-09 01:51:30','2022-12-09 01:51:30'),(374,1,0,'NimvpC3hU1','Ni******U1',0,'2022-12-09 01:51:31','2022-12-09 01:51:31'),(375,1,0,'MIKLJk0PTn','MI******Tn',0,'2022-12-09 01:51:31','2022-12-09 01:51:31'),(376,1,0,'bQFyRLKSm7','bQ******m7',0,'2022-12-09 01:51:31','2022-12-09 01:51:31'),(377,1,0,'xXhiX8cv6K','xX******6K',0,'2022-12-09 01:51:31','2022-12-09 01:51:31'),(378,1,0,'PWFwBISahH','PW******hH',0,'2022-12-09 01:51:31','2022-12-09 01:51:31'),(379,1,0,'ELutm4ZiF4','EL******F4',0,'2022-12-09 01:51:31','2022-12-09 01:51:31'),(380,1,0,'X0fjJ0xU4S','X0******4S',0,'2022-12-09 01:51:31','2022-12-09 01:51:31'),(381,1,0,'YFbHw9mZfS','YF******fS',0,'2022-12-09 01:51:31','2022-12-09 01:51:31'),(382,1,0,'cuzGI8pYqq','cu******qq',0,'2022-12-09 01:51:31','2022-12-09 01:51:31'),(383,1,0,'IplZ79EV0A','Ip******0A',0,'2022-12-09 01:51:31','2022-12-09 01:51:31'),(384,1,0,'d1HYjfC4WP','d1******WP',0,'2022-12-09 01:51:32','2022-12-09 01:51:32'),(385,1,0,'WgUHQBhrzX','Wg******zX',0,'2022-12-09 01:51:32','2022-12-09 01:51:32'),(386,1,0,'MDYyDg2dYE','MD******YE',0,'2022-12-09 01:51:32','2022-12-09 01:51:32'),(387,1,0,'YWIqHCzhOz','YW******Oz',0,'2022-12-09 01:51:32','2022-12-09 01:51:32'),(388,1,0,'37lfMDIo59','37******59',0,'2022-12-09 01:51:32','2022-12-09 01:51:32'),(389,1,0,'Zn8ozLIsCA','Zn******CA',0,'2022-12-09 01:51:32','2022-12-09 01:51:32'),(390,1,0,'wYkPcppoTw','wY******Tw',0,'2022-12-09 01:51:32','2022-12-09 01:51:32'),(391,1,0,'zwEjjzwIIv','zw******Iv',0,'2022-12-09 01:51:32','2022-12-09 01:51:32'),(392,1,0,'7Jk64O8w0g','7J******0g',0,'2022-12-09 01:51:32','2022-12-09 01:51:32'),(393,1,0,'t2UD05a4Or','t2******Or',0,'2022-12-09 01:51:32','2022-12-09 01:51:32'),(394,1,0,'GzypgaDNeC','Gz******eC',0,'2022-12-09 01:51:32','2022-12-09 01:51:32'),(395,1,0,'t6Q1egJ11V','t6******1V',0,'2022-12-09 01:51:32','2022-12-09 01:51:32'),(396,1,0,'m6wyJf7fZX','m6******ZX',0,'2022-12-09 01:51:32','2022-12-09 01:51:32'),(397,1,0,'Tekob3AoYF','Te******YF',0,'2022-12-09 01:51:33','2022-12-09 01:51:33'),(398,1,0,'eX9d95WXDP','eX******DP',0,'2022-12-09 01:51:33','2022-12-09 01:51:33'),(399,1,0,'rCqDMSROZ8','rC******Z8',0,'2022-12-09 01:51:33','2022-12-09 01:51:33'),(400,1,0,'7fSVkxsy0T','7f******0T',0,'2022-12-09 01:51:33','2022-12-09 01:51:33'),(401,1,1,'5DY9svmhij','5D******ij',1,'2022-12-09 01:51:33','2022-12-30 21:42:10'),(402,1,1,'83bo1aIbBJ','83******BJ',0,'2022-12-09 01:51:34','2022-12-09 01:51:34'),(403,1,1,'kymhrLSVzH','ky******zH',0,'2022-12-09 01:51:34','2022-12-09 01:51:34'),(404,1,1,'cOzW88OLzl','cO******zl',0,'2022-12-09 01:51:34','2022-12-09 01:51:34'),(405,1,1,'cV0d9poHTP','cV******TP',1,'2022-12-09 01:51:34','2022-12-30 04:33:25'),(406,1,1,'NjSZs8l3GV','Nj******GV',0,'2022-12-09 01:51:34','2022-12-09 01:51:34'),(407,1,1,'8HwVSV9PfH','8H******fH',0,'2022-12-09 01:51:34','2022-12-09 01:51:34'),(408,1,1,'wucgTbYMIk','wu******Ik',0,'2022-12-09 01:51:34','2022-12-09 01:51:34'),(409,1,1,'h1L9fdxCeH','h1******eH',0,'2022-12-09 01:51:34','2022-12-09 01:51:34'),(410,1,1,'O7HZJ8NIsp','O7******sp',0,'2022-12-09 01:51:34','2022-12-09 01:51:34'),(411,1,1,'WwrVtBtk4a','Ww******4a',0,'2022-12-09 01:51:34','2022-12-09 01:51:34'),(412,1,1,'OLuAMOFjBY','OL******BY',0,'2022-12-09 01:51:34','2022-12-09 01:51:34'),(413,1,1,'azds9juPzz','az******zz',0,'2022-12-09 01:51:34','2022-12-09 01:51:34'),(414,1,1,'gzQdZ4Gcwt','gz******wt',0,'2022-12-09 01:51:34','2022-12-09 01:51:34'),(415,1,1,'KzXQnUZ4yj','Kz******yj',0,'2022-12-09 01:51:34','2022-12-09 01:51:34'),(416,1,1,'q6ferF1Jdz','q6******dz',0,'2022-12-09 01:51:34','2022-12-09 01:51:34'),(417,1,1,'CdhUGx9WuC','Cd******uC',0,'2022-12-09 01:51:34','2022-12-09 01:51:34'),(418,1,1,'pt3Ru7LP4i','pt******4i',0,'2022-12-09 01:51:34','2022-12-09 01:51:34'),(419,1,1,'B13FpxQVU5','B1******U5',0,'2022-12-09 01:51:35','2022-12-09 01:51:35'),(420,1,1,'d7wGWBEr1A','d7******1A',0,'2022-12-09 01:51:35','2022-12-09 01:51:35'),(421,1,1,'1IdbyYeC3j','1I******3j',0,'2022-12-09 01:51:35','2022-12-09 01:51:35'),(422,1,1,'K1qnfRzsQ3','K1******Q3',0,'2022-12-09 01:51:35','2022-12-09 01:51:35'),(423,1,1,'nCti1Pi536','nC******36',0,'2022-12-09 01:51:35','2022-12-09 01:51:35'),(424,1,1,'HLfzmmoePt','HL******Pt',0,'2022-12-09 01:51:35','2022-12-09 01:51:35'),(425,1,1,'gt5U3NeCzo','gt******zo',0,'2022-12-09 01:51:35','2022-12-09 01:51:35'),(426,1,1,'y7PAV5j7Oa','y7******Oa',0,'2022-12-09 01:51:35','2022-12-09 01:51:35'),(427,1,1,'tT4TbvK9mI','tT******mI',0,'2022-12-09 01:51:35','2022-12-09 01:51:35'),(428,1,1,'Fo9rzygNeb','Fo******eb',0,'2022-12-09 01:51:35','2022-12-09 01:51:35'),(429,1,1,'zr1WIOD1RW','zr******RW',0,'2022-12-09 01:51:35','2022-12-09 01:51:35'),(430,1,1,'FtHgEwzBpM','Ft******pM',0,'2022-12-09 01:51:35','2022-12-09 01:51:35'),(431,1,1,'608vVx4JQf','60******Qf',0,'2022-12-09 01:51:35','2022-12-09 01:51:35'),(432,1,1,'t6jReQAlMf','t6******Mf',0,'2022-12-09 01:51:35','2022-12-09 01:51:35'),(433,1,1,'BSPTYwaIyb','BS******yb',0,'2022-12-09 01:51:35','2022-12-09 01:51:35'),(434,1,1,'SxASUAJwWM','Sx******WM',0,'2022-12-09 01:51:35','2022-12-09 01:51:35'),(435,1,1,'5Ieu9lwqNp','5I******Np',0,'2022-12-09 01:51:35','2022-12-09 01:51:35'),(436,1,1,'nmB81H9zLP','nm******LP',0,'2022-12-09 01:51:36','2022-12-09 01:51:36'),(437,1,1,'YJ8TXhOHkn','YJ******kn',0,'2022-12-09 01:51:36','2022-12-09 01:51:36'),(438,1,1,'DnDQNqiEXg','Dn******Xg',0,'2022-12-09 01:51:36','2022-12-09 01:51:36'),(439,1,1,'Uo1ITB51L0','Uo******L0',0,'2022-12-09 01:51:36','2022-12-09 01:51:36'),(440,1,1,'PyfuAsuLTK','Py******TK',0,'2022-12-09 01:51:36','2022-12-09 01:51:36'),(441,1,1,'hDu2kwOOUh','hD******Uh',0,'2022-12-09 01:51:36','2022-12-09 01:51:36'),(442,1,1,'fMRhfDQXk5','fM******k5',0,'2022-12-09 01:51:36','2022-12-09 01:51:36'),(443,1,1,'2C9Zj6rCKv','2C******Kv',0,'2022-12-09 01:51:36','2022-12-09 01:51:36'),(444,1,1,'mAa4HOxav7','mA******v7',0,'2022-12-09 01:51:36','2022-12-09 01:51:36'),(445,1,1,'CAhpvl0D2m','CA******2m',0,'2022-12-09 01:51:36','2022-12-09 01:51:36'),(446,1,1,'gapn1qg6QI','ga******QI',0,'2022-12-09 01:51:36','2022-12-09 01:51:36'),(447,1,1,'LunOUJTw1R','Lu******1R',0,'2022-12-09 01:51:36','2022-12-09 01:51:36'),(448,1,1,'5WarfkAU1c','5W******1c',0,'2022-12-09 01:51:36','2022-12-09 01:51:36'),(449,1,1,'0CzxvEKIIT','0C******IT',0,'2022-12-09 01:51:36','2022-12-09 01:51:36'),(450,1,1,'F6HhnrX7TR','F6******TR',0,'2022-12-09 01:51:36','2022-12-09 01:51:36'),(451,1,1,'Z62fXOGzEM','Z6******EM',0,'2022-12-09 01:51:37','2022-12-09 01:51:37'),(452,1,1,'wA4Iv5bNTd','wA******Td',0,'2022-12-09 01:51:37','2022-12-09 01:51:37'),(453,1,1,'LgcHO6G1MF','Lg******MF',0,'2022-12-09 01:51:37','2022-12-09 01:51:37'),(454,1,1,'bvwDz2pXDi','bv******Di',0,'2022-12-09 01:51:37','2022-12-09 01:51:37'),(455,1,1,'Ye43qoPqjT','Ye******jT',0,'2022-12-09 01:51:37','2022-12-09 01:51:37'),(456,1,1,'zBbrmEFKzm','zB******zm',0,'2022-12-09 01:51:37','2022-12-09 01:51:37'),(457,1,1,'f9PvWH9UPX','f9******PX',0,'2022-12-09 01:51:37','2022-12-09 01:51:37'),(458,1,1,'eYosRf8ZQM','eY******QM',0,'2022-12-09 01:51:37','2022-12-09 01:51:37'),(459,1,1,'8po4LXahI6','8p******I6',0,'2022-12-09 01:51:37','2022-12-09 01:51:37'),(460,1,1,'J76Bw35IvL','J7******vL',0,'2022-12-09 01:51:37','2022-12-09 01:51:37'),(461,1,1,'oMbSKm4492','oM******92',0,'2022-12-09 01:51:37','2022-12-09 01:51:37'),(462,1,1,'K3j12I02ar','K3******ar',0,'2022-12-09 01:51:37','2022-12-09 01:51:37'),(463,1,1,'AqIVH09BQB','Aq******QB',0,'2022-12-09 01:51:37','2022-12-09 01:51:37'),(464,1,1,'YhgFyQiK4O','Yh******4O',0,'2022-12-09 01:51:37','2022-12-09 01:51:37'),(465,1,1,'4IoOxtwEyK','4I******yK',0,'2022-12-09 01:51:37','2022-12-09 01:51:37'),(466,1,1,'qXwPzbnz8m','qX******8m',0,'2022-12-09 01:51:37','2022-12-09 01:51:37'),(467,1,1,'PpOnMAd0BI','Pp******BI',0,'2022-12-09 01:51:37','2022-12-09 01:51:37'),(468,1,1,'3b52OJU2fT','3b******fT',0,'2022-12-09 01:51:37','2022-12-09 01:51:37'),(469,1,1,'XCEq88rYfE','XC******fE',0,'2022-12-09 01:51:37','2022-12-09 01:51:37'),(470,1,1,'UrISUWcPS9','Ur******S9',0,'2022-12-09 01:51:37','2022-12-09 01:51:37'),(471,1,1,'SXPYsjuZjz','SX******jz',0,'2022-12-09 01:51:37','2022-12-09 01:51:37'),(472,1,1,'yFAA26WVu2','yF******u2',0,'2022-12-09 01:51:37','2022-12-09 01:51:37'),(473,1,1,'BegBoS2qgL','Be******gL',0,'2022-12-09 01:51:38','2022-12-09 01:51:38'),(474,1,1,'iQAZmuDYg4','iQ******g4',0,'2022-12-09 01:51:38','2022-12-09 01:51:38'),(475,1,1,'tp6BYhvWI2','tp******I2',0,'2022-12-09 01:51:38','2022-12-09 01:51:38'),(476,2,0,'ElaNBdJrBl','El******Bl',0,'2022-12-09 01:51:38','2022-12-12 04:27:14'),(477,2,0,'Daf8q61nTI','Da******TI',0,'2022-12-09 01:51:38','2022-12-09 01:51:38'),(478,2,0,'3mVisGtRJi','3m******Ji',0,'2022-12-09 01:51:38','2022-12-09 01:51:38'),(479,2,0,'ThvTxjGwdC','Th******dC',0,'2022-12-09 01:51:38','2022-12-09 01:51:38'),(480,2,0,'uF17lEUirc','uF******rc',0,'2022-12-09 01:51:38','2022-12-09 01:51:38'),(481,2,0,'oFCOUDIM6K','oF******6K',0,'2022-12-09 01:51:38','2022-12-09 01:51:38'),(482,2,0,'gZRZd7E5iA','gZ******iA',0,'2022-12-09 01:51:38','2022-12-09 01:51:38'),(483,2,0,'uv6uBffkge','uv******ge',0,'2022-12-09 01:51:38','2022-12-09 01:51:38'),(484,2,0,'YahANClnx3','Ya******x3',0,'2022-12-09 01:51:38','2022-12-09 01:51:38'),(485,2,0,'f5wVnj4Zw0','f5******w0',0,'2022-12-09 01:51:38','2022-12-09 01:51:38'),(486,2,0,'kR4jH1Pub0','kR******b0',0,'2022-12-09 01:51:38','2022-12-09 01:51:38'),(487,2,0,'9LVvsSB9vZ','9L******vZ',0,'2022-12-09 01:51:38','2022-12-09 01:51:38'),(488,2,0,'3l7nZ0LYqr','3l******qr',0,'2022-12-09 01:51:38','2022-12-09 01:51:38'),(489,2,0,'9NXOWt5Lyl','9N******yl',0,'2022-12-09 01:51:38','2022-12-09 01:51:38'),(490,2,0,'nV1Ik1jcT8','nV******T8',0,'2022-12-09 01:51:38','2022-12-09 01:51:38'),(491,2,0,'GBvHDKMinz','GB******nz',0,'2022-12-09 01:51:39','2022-12-09 01:51:39'),(492,2,0,'DD7lZO8LNP','DD******NP',0,'2022-12-09 01:51:39','2022-12-09 01:51:39'),(493,2,0,'2OgIwkcIZD','2O******ZD',0,'2022-12-09 01:51:39','2022-12-09 01:51:39'),(494,2,0,'04GCHSjkTY','04******TY',0,'2022-12-09 01:51:39','2022-12-09 01:51:39'),(495,2,0,'1vVgCEeikN','1v******kN',0,'2022-12-09 01:51:39','2022-12-09 01:51:39'),(496,2,0,'nE0sKtSijX','nE******jX',0,'2022-12-09 01:51:39','2022-12-09 01:51:39'),(497,2,0,'b8bw9ptqra','b8******ra',0,'2022-12-09 01:51:39','2022-12-09 01:51:39'),(498,2,0,'0LS5xYR2F6','0L******F6',0,'2022-12-09 01:51:39','2022-12-09 01:51:39'),(499,2,0,'fhNeZHoLWi','fh******Wi',0,'2022-12-09 01:51:39','2022-12-09 01:51:39'),(500,2,0,'36EIh122KM','36******KM',0,'2022-12-09 01:51:39','2022-12-09 01:51:39'),(501,2,0,'I6JIxFCZ3W','I6******3W',0,'2022-12-09 01:51:39','2022-12-09 01:51:39'),(502,2,0,'utggPiskgB','ut******gB',0,'2022-12-09 01:51:39','2022-12-09 01:51:39'),(503,2,0,'tpfDoWskPG','tp******PG',0,'2022-12-09 01:51:39','2022-12-09 01:51:39'),(504,2,0,'KaB0qFq3tJ','Ka******tJ',0,'2022-12-09 01:51:39','2022-12-09 01:51:39'),(505,2,0,'MIXIUHgbdW','MI******dW',0,'2022-12-09 01:51:40','2022-12-09 01:51:40'),(506,2,0,'Y5WezFbitn','Y5******tn',0,'2022-12-09 01:51:40','2022-12-09 01:51:40'),(507,2,0,'shI41o5Cun','sh******un',0,'2022-12-09 01:51:40','2022-12-09 01:51:40'),(508,2,0,'eySdqJvWSY','ey******SY',0,'2022-12-09 01:51:40','2022-12-09 01:51:40'),(509,2,0,'ok7nYQlDAV','ok******AV',0,'2022-12-09 01:51:40','2022-12-09 01:51:40'),(510,2,0,'hzf2zFYhxj','hz******xj',0,'2022-12-09 01:51:40','2022-12-09 01:51:40'),(511,2,0,'u0G34aP4WE','u0******WE',0,'2022-12-09 01:51:40','2022-12-09 01:51:40'),(512,2,0,'zqpXn3Yekc','zq******kc',0,'2022-12-09 01:51:40','2022-12-09 01:51:40'),(513,2,0,'gW5R491S3Y','gW******3Y',0,'2022-12-09 01:51:40','2022-12-09 01:51:40'),(514,2,0,'gMovN9LETl','gM******Tl',0,'2022-12-09 01:51:40','2022-12-09 01:51:40'),(515,2,0,'oAIL2mLp5Z','oA******5Z',0,'2022-12-09 01:51:40','2022-12-09 01:51:40'),(516,2,0,'bF9D5zijOW','bF******OW',0,'2022-12-09 01:51:40','2022-12-09 01:51:40'),(517,2,0,'jXkxgM0jPC','jX******PC',0,'2022-12-09 01:51:40','2022-12-09 01:51:40'),(518,2,0,'mXw30DfzIA','mX******IA',0,'2022-12-09 01:51:40','2022-12-09 01:51:40'),(519,2,0,'LN2Yv6olvz','LN******vz',0,'2022-12-09 01:51:40','2022-12-09 01:51:40'),(520,2,0,'sSipKyZhsD','sS******sD',0,'2022-12-09 01:51:40','2022-12-09 01:51:40'),(521,2,0,'Foghs1IvN9','Fo******N9',0,'2022-12-09 01:51:40','2022-12-09 01:51:40'),(522,2,0,'S8Mpwlmbtq','S8******tq',0,'2022-12-09 01:51:41','2022-12-09 01:51:41'),(523,2,0,'LhIW9l3EmY','Lh******mY',0,'2022-12-09 01:51:41','2022-12-09 01:51:41'),(524,2,0,'7znXXqUEb1','7z******b1',0,'2022-12-09 01:51:41','2022-12-09 01:51:41'),(525,2,0,'tbeFuOECvP','tb******vP',0,'2022-12-09 01:51:41','2022-12-09 01:51:41'),(526,2,0,'kNt5Ga8pDr','kN******Dr',0,'2022-12-09 01:51:41','2022-12-09 01:51:41'),(527,2,0,'iUvhbgxjt6','iU******t6',0,'2022-12-09 01:51:41','2022-12-09 01:51:41'),(528,2,0,'Qkc61lKyrb','Qk******rb',0,'2022-12-09 01:51:41','2022-12-09 01:51:41'),(529,2,0,'Eih3n5vOBo','Ei******Bo',0,'2022-12-09 01:51:42','2022-12-09 01:51:42'),(530,2,0,'3tNar9ehIZ','3t******IZ',0,'2022-12-09 01:51:42','2022-12-09 01:51:42'),(531,2,0,'wJNhKcOV9r','wJ******9r',0,'2022-12-09 01:51:42','2022-12-09 01:51:42'),(532,2,0,'PbC6OCJPox','Pb******ox',0,'2022-12-09 01:51:42','2022-12-09 01:51:42'),(533,2,0,'YF9pjGV9US','YF******US',0,'2022-12-09 01:51:42','2022-12-09 01:51:42'),(534,2,0,'nSBgAzf3FO','nS******FO',0,'2022-12-09 01:51:42','2022-12-09 01:51:42'),(535,2,0,'9i8ZAZ7kPv','9i******Pv',0,'2022-12-09 01:51:42','2022-12-09 01:51:42'),(536,2,0,'Z1I1VsdlPk','Z1******Pk',0,'2022-12-09 01:51:42','2022-12-09 01:51:42'),(537,2,0,'XsH6HRTFkf','Xs******kf',0,'2022-12-09 01:51:42','2022-12-09 01:51:42'),(538,2,0,'6gzcoc4YRx','6g******Rx',0,'2022-12-09 01:51:42','2022-12-09 01:51:42'),(539,2,0,'VbcLMrFT3g','Vb******3g',0,'2022-12-09 01:51:43','2022-12-09 01:51:43'),(540,2,0,'E9DnnJcihT','E9******hT',0,'2022-12-09 01:51:43','2022-12-09 01:51:43'),(541,2,0,'aDvSDS0evY','aD******vY',0,'2022-12-09 01:51:43','2022-12-09 01:51:43'),(542,2,0,'wd250DMgwA','wd******wA',0,'2022-12-09 01:51:43','2022-12-09 01:51:43'),(543,2,0,'AYZ8fvIvzw','AY******zw',0,'2022-12-09 01:51:43','2022-12-09 01:51:43'),(544,2,0,'lmjZqhgmWv','lm******Wv',0,'2022-12-09 01:51:43','2022-12-09 01:51:43'),(545,2,0,'Zed9xkRNci','Ze******ci',0,'2022-12-09 01:51:43','2022-12-09 01:51:43'),(546,2,0,'6zIenIVknl','6z******nl',0,'2022-12-09 01:51:43','2022-12-09 01:51:43'),(547,2,0,'qUqlJwrs4V','qU******4V',0,'2022-12-09 01:51:43','2022-12-09 01:51:43'),(548,2,0,'5YJYuWyK7j','5Y******7j',0,'2022-12-09 01:51:43','2022-12-09 01:51:43'),(549,2,0,'fZheM3bMrv','fZ******rv',0,'2022-12-09 01:51:43','2022-12-09 01:51:43'),(550,2,0,'WvxSz7AxFq','Wv******Fq',0,'2022-12-09 01:51:44','2022-12-09 01:51:44'),(551,2,0,'3WbzD147yd','3W******yd',0,'2022-12-09 01:51:44','2022-12-09 01:51:44'),(552,2,0,'GCs7QTtcWE','GC******WE',0,'2022-12-09 01:51:44','2022-12-09 01:51:44'),(553,2,0,'4Yu7KafCzS','4Y******zS',0,'2022-12-09 01:51:44','2022-12-09 01:51:44'),(554,2,0,'wV0GMDme3X','wV******3X',0,'2022-12-09 01:51:44','2022-12-09 01:51:44'),(555,2,0,'Hij7H9NHdh','Hi******dh',0,'2022-12-09 01:51:44','2022-12-09 01:51:44'),(556,2,0,'eQanRindCF','eQ******CF',0,'2022-12-09 01:51:44','2022-12-09 01:51:44'),(557,2,0,'8r9AMxvFX4','8r******X4',0,'2022-12-09 01:51:44','2022-12-09 01:51:44'),(558,2,0,'GhIYCPlU4u','Gh******4u',0,'2022-12-09 01:51:44','2022-12-09 01:51:44'),(559,2,0,'80koS5W1hV','80******hV',0,'2022-12-09 01:51:44','2022-12-09 01:51:44'),(560,2,0,'TWsaKKWwbn','TW******bn',0,'2022-12-09 01:51:45','2022-12-09 01:51:45'),(561,2,0,'rHkfzoJrnU','rH******nU',0,'2022-12-09 01:51:45','2022-12-09 01:51:45'),(562,2,0,'i5CyPdaDkQ','i5******kQ',0,'2022-12-09 01:51:45','2022-12-09 01:51:45'),(563,2,0,'dH0CBR8DoQ','dH******oQ',0,'2022-12-09 01:51:45','2022-12-09 01:51:45'),(564,2,0,'TOsNab5Bds','TO******ds',0,'2022-12-09 01:51:45','2022-12-09 01:51:45'),(565,2,0,'XvlFIwPsrB','Xv******rB',0,'2022-12-09 01:51:45','2022-12-09 01:51:45'),(566,2,0,'zCw6vOrJrc','zC******rc',0,'2022-12-09 01:51:45','2022-12-09 01:51:45'),(567,2,0,'owAnbirV3d','ow******3d',0,'2022-12-09 01:51:45','2022-12-09 01:51:45'),(568,2,0,'uHuORH2Dtg','uH******tg',0,'2022-12-09 01:51:45','2022-12-09 01:51:45'),(569,2,0,'Uf4Zo2kSwe','Uf******we',0,'2022-12-09 01:51:45','2022-12-09 01:51:45'),(570,2,0,'gH9Ofrm8fc','gH******fc',0,'2022-12-09 01:51:45','2022-12-09 01:51:45'),(571,2,0,'24hA9MeDnE','24******nE',0,'2022-12-09 01:51:45','2022-12-09 01:51:45'),(572,2,0,'I3DEhvi7zv','I3******zv',0,'2022-12-09 01:51:45','2022-12-09 01:51:45'),(573,2,0,'x7yvyz58gX','x7******gX',0,'2022-12-09 01:51:45','2022-12-09 01:51:45'),(574,2,0,'TgT12dXC2I','Tg******2I',0,'2022-12-09 01:51:45','2022-12-09 01:51:45'),(575,2,0,'k1QzDBcNZ7','k1******Z7',0,'2022-12-09 01:51:45','2022-12-09 01:51:45'),(576,2,0,'dvj1YxGlt9','dv******t9',0,'2022-12-09 01:51:46','2022-12-09 01:51:46'),(577,2,0,'3tnQ7s8fvn','3t******vn',0,'2022-12-09 01:51:46','2022-12-09 01:51:46'),(578,2,0,'OJyg6NWHWp','OJ******Wp',0,'2022-12-09 01:51:46','2022-12-09 01:51:46'),(579,2,0,'z7OeZ7c7tv','z7******tv',0,'2022-12-09 01:51:46','2022-12-09 01:51:46'),(580,2,0,'k2NCIgLw6N','k2******6N',0,'2022-12-09 01:51:46','2022-12-09 01:51:46'),(581,2,0,'eSfqDrYJ0j','eS******0j',0,'2022-12-09 01:51:46','2022-12-09 01:51:46'),(582,2,0,'uiopd2pApP','ui******pP',0,'2022-12-09 01:51:46','2022-12-09 01:51:46'),(583,2,0,'JBkEiABLA3','JB******A3',0,'2022-12-09 01:51:46','2022-12-09 01:51:46'),(584,2,0,'5oqkUUaDV2','5o******V2',0,'2022-12-09 01:51:46','2022-12-09 01:51:46'),(585,2,0,'RjTamVmYii','Rj******ii',0,'2022-12-09 01:51:46','2022-12-09 01:51:46'),(586,2,0,'RlsA78jv1N','Rl******1N',0,'2022-12-09 01:51:46','2022-12-09 01:51:46'),(587,2,0,'LbKDRXkwDC','Lb******DC',0,'2022-12-09 01:51:46','2022-12-09 01:51:46'),(588,2,0,'2IK5PVDrZA','2I******ZA',0,'2022-12-09 01:51:46','2022-12-09 01:51:46'),(589,2,0,'G90kxTOOgG','G9******gG',0,'2022-12-09 01:51:46','2022-12-09 01:51:46'),(590,2,0,'CXZnwMgZMp','CX******Mp',0,'2022-12-09 01:51:46','2022-12-09 01:51:46'),(591,2,0,'GaeEnJkEgP','Ga******gP',0,'2022-12-09 01:51:46','2022-12-09 01:51:46'),(592,2,0,'0nQFzN6hjz','0n******jz',0,'2022-12-09 01:51:47','2022-12-09 01:51:47'),(593,2,0,'VX4x04pr3J','VX******3J',0,'2022-12-09 01:51:47','2022-12-09 01:51:47'),(594,2,0,'n5o9vKGiOz','n5******Oz',0,'2022-12-09 01:51:47','2022-12-09 01:51:47'),(595,2,0,'kS95N7ihyB','kS******yB',0,'2022-12-09 01:51:47','2022-12-09 01:51:47'),(596,2,0,'EWAYU0Crq9','EW******q9',0,'2022-12-09 01:51:47','2022-12-09 01:51:47'),(597,2,0,'VL6Z1QjJho','VL******ho',0,'2022-12-09 01:51:47','2022-12-09 01:51:47'),(598,2,0,'MtYwvgjopp','Mt******pp',0,'2022-12-09 01:51:47','2022-12-09 01:51:47'),(599,2,0,'J2AuUxY3ww','J2******ww',0,'2022-12-09 01:51:47','2022-12-09 01:51:47'),(600,2,0,'thDAz7i9L3','th******L3',0,'2022-12-09 01:51:47','2022-12-09 01:51:47'),(601,2,0,'4Mfot2gJ6t','4M******6t',0,'2022-12-09 23:38:59','2022-12-09 23:38:59'),(602,2,0,'YPPr7yfOna','YP******na',0,'2022-12-09 23:38:59','2022-12-09 23:38:59'),(603,2,0,'zUs6iCLdBN','zU******BN',0,'2022-12-09 23:38:59','2022-12-09 23:38:59'),(604,2,0,'gzTU2ecxXq','gz******Xq',0,'2022-12-09 23:38:59','2022-12-09 23:38:59'),(605,2,0,'MzA0oSeZLM','Mz******LM',0,'2022-12-09 23:38:59','2022-12-09 23:38:59'),(606,2,0,'Sd5cfJOcfR','Sd******fR',0,'2022-12-09 23:38:59','2022-12-09 23:38:59'),(607,2,0,'zDwuoHsMxq','zD******xq',0,'2022-12-09 23:39:00','2022-12-09 23:39:00'),(608,2,0,'o3qiUMf7qk','o3******qk',0,'2022-12-09 23:39:00','2022-12-09 23:39:00'),(609,2,0,'7pJiSlWvqO','7p******qO',0,'2022-12-09 23:39:00','2022-12-09 23:39:00'),(610,2,0,'S76oFTYeBx','S7******Bx',0,'2022-12-09 23:39:00','2022-12-09 23:39:00'),(611,2,0,'7e4BIlSwkS','7e******kS',0,'2022-12-09 23:39:00','2022-12-09 23:39:00'),(612,2,0,'QfdzNL4RU1','Qf******U1',0,'2022-12-09 23:39:00','2022-12-09 23:39:00'),(613,2,0,'x2bzK2iqFP','x2******FP',0,'2022-12-09 23:39:00','2022-12-09 23:39:00'),(614,2,0,'ljeiVdj4MM','lj******MM',0,'2022-12-09 23:39:00','2022-12-09 23:39:00'),(615,2,0,'Z9uI2vpE1r','Z9******1r',0,'2022-12-09 23:39:01','2022-12-09 23:39:01'),(616,2,0,'wO7O51b9qU','wO******qU',0,'2022-12-09 23:39:01','2022-12-09 23:39:01'),(617,2,0,'YEOxAsTbRj','YE******Rj',0,'2022-12-09 23:39:01','2022-12-09 23:39:01'),(618,2,0,'vif6IqamF6','vi******F6',0,'2022-12-09 23:39:01','2022-12-09 23:39:01'),(619,2,0,'1bgPQjHMZa','1b******Za',0,'2022-12-09 23:39:01','2022-12-09 23:39:01'),(620,2,0,'cNEVZLx6Mb','cN******Mb',0,'2022-12-09 23:39:01','2022-12-09 23:39:01'),(621,2,0,'8vnURzmEHk','8v******Hk',0,'2022-12-09 23:39:01','2022-12-09 23:39:01'),(622,2,0,'VAe6lNGAAr','VA******Ar',0,'2022-12-09 23:39:01','2022-12-09 23:39:01'),(623,2,0,'192FwhUU7c','19******7c',0,'2022-12-09 23:39:01','2022-12-09 23:39:01'),(624,2,0,'iVzqeH7yEC','iV******EC',0,'2022-12-09 23:39:02','2022-12-26 23:59:33'),(625,2,0,'cQNlV86E73','cQ******73',0,'2022-12-09 23:39:02','2022-12-09 23:39:02'),(626,2,1,'KekSDL8Yfq','Ke******fq',0,'2022-12-09 23:39:02','2022-12-12 08:55:20'),(627,2,1,'SefQvkSTPK','Se******PK',0,'2022-12-09 23:39:02','2022-12-09 23:39:02'),(628,2,1,'FvvDorWNzJ','Fv******zJ',0,'2022-12-09 23:39:02','2022-12-09 23:39:02'),(629,2,1,'rquemMSLaB','rq******aB',0,'2022-12-09 23:39:02','2022-12-09 23:39:02'),(630,2,1,'Ae284zo3sD','Ae******sD',0,'2022-12-09 23:39:02','2022-12-09 23:39:02'),(631,2,1,'Gotp8rxOPc','Go******Pc',0,'2022-12-09 23:39:02','2022-12-09 23:39:02'),(632,2,1,'sueOoytrpF','su******pF',0,'2022-12-09 23:39:02','2022-12-09 23:39:02'),(633,2,1,'bGnNXLOPOP','bG******OP',0,'2022-12-09 23:39:02','2022-12-09 23:39:02'),(634,2,1,'sFTyMnraTf','sF******Tf',0,'2022-12-09 23:39:02','2022-12-09 23:39:02'),(635,2,1,'UlATkzgxt9','Ul******t9',0,'2022-12-09 23:39:02','2022-12-09 23:39:02'),(636,2,1,'vmZBrnQvHl','vm******Hl',0,'2022-12-09 23:39:02','2022-12-09 23:39:02'),(637,2,1,'e01ze0KEVi','e0******Vi',0,'2022-12-09 23:39:02','2022-12-09 23:39:02'),(638,2,1,'NKiy1exKZg','NK******Zg',0,'2022-12-09 23:39:02','2022-12-09 23:39:02'),(639,2,1,'61YWeg3ykm','61******km',0,'2022-12-09 23:39:03','2022-12-09 23:39:03'),(640,2,1,'z8yAYovxT9','z8******T9',0,'2022-12-09 23:39:03','2022-12-09 23:39:03'),(641,2,1,'haOWOY83ey','ha******ey',0,'2022-12-09 23:39:03','2022-12-09 23:39:03'),(642,2,1,'F0JakmlBws','F0******ws',0,'2022-12-09 23:39:03','2022-12-09 23:39:03'),(643,2,1,'JcJWyFLn97','Jc******97',0,'2022-12-09 23:39:03','2022-12-09 23:39:03'),(644,2,1,'ua11BgpIZb','ua******Zb',0,'2022-12-09 23:39:03','2022-12-09 23:39:03'),(645,2,1,'ygM0bPJgxs','yg******xs',0,'2022-12-09 23:39:03','2022-12-09 23:39:03'),(646,2,1,'1KnxKZmfYX','1K******YX',0,'2022-12-09 23:39:03','2022-12-09 23:39:03'),(647,2,1,'tghSXu1MJN','tg******JN',0,'2022-12-09 23:39:03','2022-12-09 23:39:03'),(648,2,1,'0XaHTzJvFs','0X******Fs',0,'2022-12-09 23:39:03','2022-12-09 23:39:03'),(649,2,1,'IBLZgGDLK4','IB******K4',0,'2022-12-09 23:39:03','2022-12-09 23:39:03'),(650,2,1,'7jjlWqoO5X','7j******5X',0,'2022-12-09 23:39:03','2022-12-09 23:39:03'),(651,2,1,'dpRFSc0Vrv','dp******rv',0,'2022-12-09 23:39:03','2022-12-09 23:39:03'),(652,2,1,'NvArc3gH3R','Nv******3R',0,'2022-12-09 23:39:03','2022-12-09 23:39:03'),(653,2,1,'RZ8nwoUUxL','RZ******xL',0,'2022-12-09 23:39:03','2022-12-09 23:39:03'),(654,2,1,'Kh6sD08lQH','Kh******QH',0,'2022-12-09 23:39:03','2022-12-09 23:39:03'),(655,2,1,'W7cLLAOb2S','W7******2S',0,'2022-12-09 23:39:03','2022-12-09 23:39:03'),(656,2,1,'bL18Pp3sl3','bL******l3',0,'2022-12-09 23:39:03','2022-12-09 23:39:03'),(657,2,1,'KblgIhFSx9','Kb******x9',0,'2022-12-09 23:39:03','2022-12-09 23:39:03'),(658,2,1,'AUTcqjAcxA','AU******xA',0,'2022-12-09 23:39:03','2022-12-09 23:39:03'),(659,2,1,'lY81cP8YLT','lY******LT',0,'2022-12-09 23:39:03','2022-12-09 23:39:03'),(660,2,1,'WHNW780mKW','WH******KW',0,'2022-12-09 23:39:04','2022-12-09 23:39:04'),(661,2,1,'EGCgXl04sV','EG******sV',0,'2022-12-09 23:39:04','2022-12-09 23:39:04'),(662,2,1,'vgq39sQeWa','vg******Wa',0,'2022-12-09 23:39:04','2022-12-09 23:39:04'),(663,2,1,'BcnShYEkFd','Bc******Fd',0,'2022-12-09 23:39:04','2022-12-09 23:39:04'),(664,2,1,'e6ObQKBK3i','e6******3i',0,'2022-12-09 23:39:04','2022-12-09 23:39:04'),(665,2,1,'6Q3IMpgirn','6Q******rn',0,'2022-12-09 23:39:04','2022-12-09 23:39:04'),(666,2,1,'STfsWk4kYF','ST******YF',0,'2022-12-09 23:39:04','2022-12-09 23:39:04'),(667,2,1,'ZwD4wbehnb','Zw******nb',0,'2022-12-09 23:39:04','2022-12-09 23:39:04'),(668,2,1,'OMrPpZoNWC','OM******WC',0,'2022-12-09 23:39:04','2022-12-09 23:39:04'),(669,2,1,'gvlAHt5qPA','gv******PA',0,'2022-12-09 23:39:05','2022-12-09 23:39:05'),(670,2,1,'78xsttEbs9','78******s9',0,'2022-12-09 23:39:05','2022-12-09 23:39:05'),(671,2,1,'8XQq4Iz1QC','8X******QC',0,'2022-12-09 23:39:05','2022-12-09 23:39:05'),(672,2,1,'wq8JfZiiRA','wq******RA',0,'2022-12-09 23:39:05','2022-12-09 23:39:05'),(673,2,1,'FhewhPdAva','Fh******va',0,'2022-12-09 23:39:05','2022-12-09 23:39:05'),(674,2,1,'shht9VjT01','sh******01',0,'2022-12-09 23:39:05','2022-12-09 23:39:05'),(675,2,1,'RyirzDviNv','Ry******Nv',0,'2022-12-09 23:39:05','2022-12-09 23:39:05'),(676,2,1,'pkEhP67gRj','pk******Rj',0,'2022-12-09 23:39:05','2022-12-09 23:39:05'),(677,2,1,'EQogWxhZYl','EQ******Yl',0,'2022-12-09 23:39:05','2022-12-09 23:39:05'),(678,2,1,'1EHHBGvXZt','1E******Zt',0,'2022-12-09 23:39:05','2022-12-09 23:39:05'),(679,2,1,'96mvVALwD7','96******D7',0,'2022-12-09 23:39:05','2022-12-09 23:39:05'),(680,2,1,'1zThAzA1UD','1z******UD',0,'2022-12-09 23:39:05','2022-12-09 23:39:05'),(681,2,1,'1IiJa5Wqh5','1I******h5',0,'2022-12-09 23:39:05','2022-12-09 23:39:05'),(682,2,1,'FAjaOeJHD2','FA******D2',0,'2022-12-09 23:39:05','2022-12-09 23:39:05'),(683,2,1,'bdFiiH0Zaj','bd******aj',0,'2022-12-09 23:39:05','2022-12-09 23:39:05'),(684,2,1,'YEPq8Qicxe','YE******xe',0,'2022-12-09 23:39:05','2022-12-09 23:39:05'),(685,2,1,'UKCJeWgFCH','UK******CH',0,'2022-12-09 23:39:05','2022-12-09 23:39:05'),(686,2,1,'WpBLKwaeN7','Wp******N7',0,'2022-12-09 23:39:05','2022-12-09 23:39:05'),(687,2,1,'kqNr6wIn9m','kq******9m',0,'2022-12-09 23:39:06','2022-12-09 23:39:06'),(688,2,1,'djVj7njP2u','dj******2u',0,'2022-12-09 23:39:06','2022-12-09 23:39:06'),(689,2,1,'MkTaKUgtdK','Mk******dK',0,'2022-12-09 23:39:06','2022-12-09 23:39:06'),(690,2,1,'kSlsXLF3DO','kS******DO',0,'2022-12-09 23:39:06','2022-12-09 23:39:06'),(691,2,1,'zpGkMQQ9Gz','zp******Gz',0,'2022-12-09 23:39:06','2022-12-09 23:39:06'),(692,2,1,'nRdiN1XEeN','nR******eN',0,'2022-12-09 23:39:06','2022-12-09 23:39:06'),(693,2,1,'oiQhXAmCTa','oi******Ta',0,'2022-12-09 23:39:06','2022-12-09 23:39:06'),(694,2,1,'LYqOFTT6Fe','LY******Fe',0,'2022-12-09 23:39:06','2022-12-09 23:39:06'),(695,2,1,'nxsI4SjT6X','nx******6X',0,'2022-12-09 23:39:06','2022-12-09 23:39:06'),(696,2,1,'6HOvloS9hP','6H******hP',0,'2022-12-09 23:39:06','2022-12-09 23:39:06'),(697,2,1,'WCRdcvasDj','WC******Dj',0,'2022-12-09 23:39:06','2022-12-09 23:39:06'),(698,2,1,'o68Xk692MK','o6******MK',0,'2022-12-09 23:39:06','2022-12-09 23:39:06'),(699,2,1,'QeKzLSHQZE','Qe******ZE',0,'2022-12-09 23:39:06','2022-12-27 00:11:40'),(700,2,1,'EutEF2S1eW','Eu******eW',0,'2022-12-09 23:39:06','2022-12-26 23:51:40');
/*!40000 ALTER TABLE `codigos` ENABLE KEYS */;
UNLOCK TABLES;

--
-- Table structure for table `distancias`
--

DROP TABLE IF EXISTS `distancias`;
/*!40101 SET @saved_cs_client     = @@character_set_client */;
/*!40101 SET character_set_client = utf8 */;
CREATE TABLE `distancias` (
  `id` bigint(20) unsigned NOT NULL AUTO_INCREMENT,
  `nombre` varchar(15) COLLATE utf8mb4_unicode_ci NOT NULL,
  `km` int(11) NOT NULL,
  `created_at` timestamp NULL DEFAULT NULL,
  `updated_at` timestamp NULL DEFAULT NULL,
  PRIMARY KEY (`id`)
) ENGINE=InnoDB AUTO_INCREMENT=3 DEFAULT CHARSET=utf8mb4 COLLATE=utf8mb4_unicode_ci;
/*!40101 SET character_set_client = @saved_cs_client */;

--
-- Dumping data for table `distancias`
--

LOCK TABLES `distancias` WRITE;
/*!40000 ALTER TABLE `distancias` DISABLE KEYS */;
INSERT INTO `distancias` VALUES (1,'MEDIO MARATÓN',21,'2022-12-06 00:31:51','2022-12-06 00:31:51'),(2,'5 KMS',5,'2022-12-06 00:31:51','2022-12-06 00:31:51');
/*!40000 ALTER TABLE `distancias` ENABLE KEYS */;
UNLOCK TABLES;

--
-- Table structure for table `failed_jobs`
--

DROP TABLE IF EXISTS `failed_jobs`;
/*!40101 SET @saved_cs_client     = @@character_set_client */;
/*!40101 SET character_set_client = utf8 */;
CREATE TABLE `failed_jobs` (
  `id` bigint(20) unsigned NOT NULL AUTO_INCREMENT,
  `uuid` varchar(255) COLLATE utf8mb4_unicode_ci NOT NULL,
  `connection` text COLLATE utf8mb4_unicode_ci NOT NULL,
  `queue` text COLLATE utf8mb4_unicode_ci NOT NULL,
  `payload` longtext COLLATE utf8mb4_unicode_ci NOT NULL,
  `exception` longtext COLLATE utf8mb4_unicode_ci NOT NULL,
  `failed_at` timestamp NOT NULL DEFAULT current_timestamp(),
  PRIMARY KEY (`id`),
  UNIQUE KEY `failed_jobs_uuid_unique` (`uuid`)
) ENGINE=InnoDB DEFAULT CHARSET=utf8mb4 COLLATE=utf8mb4_unicode_ci;
/*!40101 SET character_set_client = @saved_cs_client */;

--
-- Dumping data for table `failed_jobs`
--

LOCK TABLES `failed_jobs` WRITE;
/*!40000 ALTER TABLE `failed_jobs` DISABLE KEYS */;
/*!40000 ALTER TABLE `failed_jobs` ENABLE KEYS */;
UNLOCK TABLES;

--
-- Table structure for table `migrations`
--

DROP TABLE IF EXISTS `migrations`;
/*!40101 SET @saved_cs_client     = @@character_set_client */;
/*!40101 SET character_set_client = utf8 */;
CREATE TABLE `migrations` (
  `id` int(10) unsigned NOT NULL AUTO_INCREMENT,
  `migration` varchar(255) COLLATE utf8mb4_unicode_ci NOT NULL,
  `batch` int(11) NOT NULL,
  PRIMARY KEY (`id`)
) ENGINE=InnoDB AUTO_INCREMENT=16 DEFAULT CHARSET=utf8mb4 COLLATE=utf8mb4_unicode_ci;
/*!40101 SET character_set_client = @saved_cs_client */;

--
-- Dumping data for table `migrations`
--

LOCK TABLES `migrations` WRITE;
/*!40000 ALTER TABLE `migrations` DISABLE KEYS */;
INSERT INTO `migrations` VALUES (1,'2014_10_12_000000_create_users_table',1),(2,'2014_10_12_100000_create_password_resets_table',1),(3,'2014_10_12_200000_add_two_factor_columns_to_users_table',1),(4,'2019_08_19_000000_create_failed_jobs_table',1),(5,'2019_12_14_000001_create_personal_access_tokens_table',1),(10,'2022_12_05_161314_create_distancias_table',2),(11,'2022_12_05_175656_create_ramas_table',2),(12,'2022_12_05_180928_create_categorias_table',2),(14,'2022_12_08_162416_create_codigos_table',3),(15,'2022_12_09_035001_create_participantes_table',4);
/*!40000 ALTER TABLE `migrations` ENABLE KEYS */;
UNLOCK TABLES;

--
-- Table structure for table `participantes`
--

DROP TABLE IF EXISTS `participantes`;
/*!40101 SET @saved_cs_client     = @@character_set_client */;
/*!40101 SET character_set_client = utf8 */;
CREATE TABLE `participantes` (
  `edicion` int(11) NOT NULL,
  `id` bigint(20) unsigned NOT NULL AUTO_INCREMENT,
  `nombre` varchar(20) COLLATE utf8mb4_unicode_ci NOT NULL,
  `apellidos` varchar(30) COLLATE utf8mb4_unicode_ci NOT NULL,
  `dorsal` bigint(20) NOT NULL,
  `email` varchar(40) COLLATE utf8mb4_unicode_ci NOT NULL,
  `celular` varchar(10) COLLATE utf8mb4_unicode_ci NOT NULL,
  `concordense` tinyint(1) NOT NULL,
  `sinaloense` tinyint(1) NOT NULL,
  `lugar_origen` varchar(30) COLLATE utf8mb4_unicode_ci NOT NULL,
  `id_distancia` bigint(20) unsigned NOT NULL,
  `id_rama` bigint(20) unsigned NOT NULL,
  `id_categoria` bigint(20) unsigned NOT NULL,
  `codigo_registro` varchar(10) COLLATE utf8mb4_unicode_ci DEFAULT NULL,
  `tiempo` time DEFAULT NULL,
  `activo` tinyint(4) NOT NULL DEFAULT 1,
  `created_at` timestamp NULL DEFAULT NULL,
  `updated_at` timestamp NULL DEFAULT NULL,
  PRIMARY KEY (`id`),
  UNIQUE KEY `participantes_dorsal_unique` (`dorsal`),
  KEY `participantes_id_distancia_foreign` (`id_distancia`),
  KEY `participantes_id_rama_foreign` (`id_rama`),
  KEY `participantes_id_categoria_foreign` (`id_categoria`),
  CONSTRAINT `participantes_id_categoria_foreign` FOREIGN KEY (`id_categoria`) REFERENCES `categorias` (`id`) ON DELETE CASCADE ON UPDATE CASCADE,
  CONSTRAINT `participantes_id_distancia_foreign` FOREIGN KEY (`id_distancia`) REFERENCES `distancias` (`id`) ON DELETE CASCADE ON UPDATE CASCADE,
  CONSTRAINT `participantes_id_rama_foreign` FOREIGN KEY (`id_rama`) REFERENCES `ramas` (`id`) ON DELETE CASCADE ON UPDATE CASCADE
) ENGINE=InnoDB AUTO_INCREMENT=454 DEFAULT CHARSET=utf8mb4 COLLATE=utf8mb4_unicode_ci;
/*!40101 SET character_set_client = @saved_cs_client */;

--
-- Dumping data for table `participantes`
--

LOCK TABLES `participantes` WRITE;
/*!40000 ALTER TABLE `participantes` DISABLE KEYS */;
INSERT INTO `participantes` VALUES (2023,1,'EDUARDO','VACA MORALES',1,'elplaka@hotmail.com','6941088943',1,1,'CONCORDIA',1,2,4,'**********','01:21:35',1,'0000-00-00 00:00:00','2023-01-10 23:53:57'),(2023,2,'ESTEFANIA','AROCAS PASADAS',2,'elplaka@hotmail.com','6941088943',0,0,'ZACATECAS',1,1,12,'**********','01:34:06',1,'0000-00-00 00:00:00','2023-01-06 10:32:30'),(2023,3,'GILBERTO','QUINTERO VELAZQUEZ',3,'elplaka@hotmail.com','6941088943',1,1,'CONCORDIA',1,2,4,'**********','01:31:02',1,'0000-00-00 00:00:00','2023-01-12 04:10:46'),(2023,4,'JOAN','AYALA FERRERAS',4,'elplaka@hotmail.com','6941088943',0,1,'ESCUINAPA',1,2,8,'**********','01:18:32',1,'0000-00-00 00:00:00','2023-01-06 10:31:24'),(2023,5,'JOAN','BAEZ TEJADO',5,'elplaka@hotmail.com','6941088943',0,0,'GUADALAJARA',1,2,2,'**********','01:18:36',1,'0000-00-00 00:00:00','2023-01-11 00:23:58'),(2023,6,'MARCOS','BASTARDES SOTO',6,'elplaka@hotmail.com','6941088943',0,0,'DURANGO',2,6,18,'**********',NULL,2,'0000-00-00 00:00:00','2023-01-12 02:06:09'),(2023,7,'JOSEP','ANGUERA VILAFRANCA',7,'elplaka@hotmail.com','6941088943',0,0,'CDMX',1,2,2,'**********',NULL,1,'0000-00-00 00:00:00','2022-12-30 02:06:49'),(2023,8,'ESTHER','PASCUAL ALOY',8,'elplaka@hotmail.com','6941088943',0,1,'CULIACAN',1,1,12,'**********','01:32:21',1,'0000-00-00 00:00:00','2023-01-15 04:55:48'),(2023,9,'LAURA','VALLÉS GIRVENT',9,'elplaka@hotmail.com','6941088943',1,1,'CONCORDIA',2,4,19,'**********','00:31:11',1,'0000-00-00 00:00:00','2023-01-06 10:42:04'),(2023,10,'RAQUEL','RAYA GARCIA',10,'elplaka@hotmail.com','6941088943',1,1,'CONCORDIA',2,4,19,'**********',NULL,1,'0000-00-00 00:00:00','0000-00-00 00:00:00'),(2023,11,'JOAN','ANDREU CRUZ',11,'elplaka@hotmail.com','6941088943',0,0,'CUERNAVACA',2,6,18,'**********',NULL,1,'0000-00-00 00:00:00','2023-01-03 21:18:00'),(2023,12,'MARIA ISABEL','BARALDÉS COMAS',12,'elplaka@hotmail.com','6941088943',0,0,'CULIACÁN',1,1,16,'**********','02:11:31',1,'0000-00-00 00:00:00','2023-01-15 05:11:47'),(2023,13,'ADRIÀ','BERENGUERAS CULLERÉS',13,'elplaka@hotmail.com','6941088943',0,1,'CULIACAN',2,5,20,'**********','00:25:01',1,'0000-00-00 00:00:00','2023-01-06 10:56:20'),(2023,14,'GERARD','LÓPEZ DE PABLO',14,'elplaka@hotmail.com','6941088943',0,1,'MAZATLAN',1,2,8,'**********','02:01:03',1,'0000-00-00 00:00:00','2023-01-06 21:16:29'),(2023,15,'ELIOT','ARNAU MORENO',15,'elplaka@hotmail.com','6941088943',0,1,'MAZATLAN',1,2,2,'**********',NULL,1,'0000-00-00 00:00:00','2023-01-09 22:43:31'),(2023,16,'JORDI','RAYA GAVILAN',16,'elplaka@hotmail.com','6941088943',0,1,'CULIACAN',1,2,5,'**********',NULL,1,'0000-00-00 00:00:00','0000-00-00 00:00:00'),(2023,17,'LUIS','ZAMUDIO FUENTES',17,'elplaka@hotmail.com','6941088943',0,0,'LOS MOCHIS',1,2,8,'**********',NULL,1,'0000-00-00 00:00:00','2023-01-07 02:19:34'),(2023,18,'LAURA','BIDAULT CULLERÉS',18,'elplaka@hotmail.com','6941088943',0,1,'CULIACAN',2,4,19,'**********',NULL,1,'0000-00-00 00:00:00','0000-00-00 00:00:00'),(2023,19,'JORDI','BIOSCA FONTANET',19,'elplaka@hotmail.com','6941088943',0,0,'CHIHUAHUA',1,3,17,'**********','01:25:37',1,'0000-00-00 00:00:00','2023-01-15 05:31:31'),(2023,20,'MERCEDES GUADALUPE','SALAZAR FLORES',20,'elplaka@hotmail.com','6941088943',1,1,'CONCORDIA',2,4,19,'**********',NULL,1,'0000-00-00 00:00:00','2023-01-13 09:50:04'),(2023,21,'JULIO','ALEU ICART',21,'elplaka@hotmail.com','6941088943',0,0,'ESPAÑA',2,6,18,'**********','01:55:53',1,'0000-00-00 00:00:00','2023-01-06 10:54:35'),(2023,22,'ANDREU','BADIA TORNÉ',22,'elplaka@hotmail.com','6941088943',0,0,'GUADALAJARA',1,3,17,'**********',NULL,1,'0000-00-00 00:00:00','2023-01-06 21:16:08'),(2023,23,'RAMON','MORALES GESE',23,'elplaka@hotmail.com','6941088943',0,0,'IZTAPALAPA',1,2,2,'**********','01:11:12',1,'0000-00-00 00:00:00','2023-01-06 10:59:01'),(2023,24,'DAVID-JESE','BLANCO FONTANET',24,'elplaka@hotmail.com','6941088943',0,0,'CATALUÑA',2,6,18,'**********','01:19:11',1,'0000-00-00 00:00:00','2023-01-06 10:58:23'),(2023,25,'ARAN','ALVAREZ FERNÁNDEZ',25,'elplaka@hotmail.com','6941088943',0,0,'CANCUN',1,2,4,'**********','01:17:08',1,'0000-00-00 00:00:00','2023-01-06 10:57:55'),(2023,26,'GEMMA','GARCIA ALMOGUERA',26,'elplaka@hotmail.com','6941088943',0,1,'ESCUINAPA',1,1,12,'**********','01:31:31',1,'0000-00-00 00:00:00','2023-01-15 04:55:56'),(2023,27,'IVAN','LIBORI FIGUERAS',27,'elplaka@hotmail.com','6941088943',0,1,'GUASAVE',1,2,3,'**********','02:02:59',1,'0000-00-00 00:00:00','2023-01-15 05:21:27'),(2023,28,'DAVID','BIDAULT PUEYO',28,'elplaka@hotmail.com','6941088943',0,1,'MAZATLAN',1,2,2,'**********',NULL,1,'0000-00-00 00:00:00','2023-01-09 22:43:46'),(2023,29,'XAVIER','BENITEZ JOSE',29,'elplaka@hotmail.com','6941088943',1,1,'CONCORDIA',1,2,10,'**********',NULL,1,'0000-00-00 00:00:00','0000-00-00 00:00:00'),(2023,30,'MARIO','PASCUAL FLORES',30,'elplaka@hotmail.com','6941088943',1,1,'CONCORDIA',1,2,10,'**********',NULL,1,'0000-00-00 00:00:00','0000-00-00 00:00:00'),(2023,31,'JESUS','AYALA TORNÉ',31,'elplaka@hotmail.com','6941088943',0,0,'-',1,2,10,'**********',NULL,1,'0000-00-00 00:00:00','0000-00-00 00:00:00'),(2023,32,'GEMMA','LISTAN FIGUERAS',32,'elplaka@hotmail.com','6941088943',1,1,'CONCORDIA',1,1,16,'**********','02:19:42',1,'0000-00-00 00:00:00','2023-01-15 05:11:58'),(2023,33,'SILVIA','RASERO GAVILAN',33,'elplaka@hotmail.com','6941088943',0,1,'MAZATLAN',1,1,14,'**********',NULL,1,'0000-00-00 00:00:00','0000-00-00 00:00:00'),(2023,34,'ALBERT','ARNALOT PUIG',34,'elplaka@hotmail.com','6941088943',1,1,'CONCORDIA',1,2,2,'**********',NULL,1,'0000-00-00 00:00:00','2023-01-09 22:43:54'),(2023,35,'MARIA','MOLINER GARRIDO',35,'elplaka@hotmail.com','6941088943',0,1,'ESCUINAPA',1,1,14,'**********',NULL,1,'0000-00-00 00:00:00','0000-00-00 00:00:00'),(2023,36,'BERTA','GALOBART GARCIA',36,'elplaka@hotmail.com','6941088943',0,1,'CULIACAN',2,4,19,'**********',NULL,1,'0000-00-00 00:00:00','0000-00-00 00:00:00'),(2023,37,'BERTA','LÓPEZ GARAY',37,'elplaka@hotmail.com','6941088943',0,1,'MAZATLAN',1,1,11,'**********','01:20:36',1,'0000-00-00 00:00:00','2023-01-08 00:01:53'),(2023,38,'MIREIA','SÁNCHEZ GÓMEZ',38,'elplaka@hotmail.com','6941088943',0,1,'MAZATLAN',2,4,19,'**********','00:28:10',1,'0000-00-00 00:00:00','2023-01-11 02:54:32'),(2023,39,'GEMMA','ALAVEDRA SUNYÉ',39,'elplaka@hotmail.com','6941088943',0,0,'-',1,1,12,'**********','01:39:50',1,'0000-00-00 00:00:00','2023-01-15 04:56:08'),(2023,40,'MARIA ISABEL','ALIGUÉ BONVEHÍ',40,'elplaka@hotmail.com','6941088943',0,0,'-',2,4,19,'**********',NULL,1,'0000-00-00 00:00:00','0000-00-00 00:00:00'),(2023,41,'TONI','MAS FRANCH',41,'elplaka@hotmail.com','6941088943',0,0,'-',2,6,18,'**********',NULL,1,'0000-00-00 00:00:00','0000-00-00 00:00:00'),(2023,42,'ALEJANDRO','ALOY COMPTE',42,'elplaka@hotmail.com','6941088943',0,0,'CULIACAN',1,2,3,'**********','01:27:34',1,'0000-00-00 00:00:00','2023-01-15 05:20:31'),(2023,43,'JOAN MARTÍ','ASENSIO VEGA',43,'elplaka@hotmail.com','6941088943',0,0,'-',2,6,18,'**********',NULL,1,'0000-00-00 00:00:00','0000-00-00 00:00:00'),(2023,44,'INGRID','BIDAULT PÉREZ',44,'elplaka@hotmail.com','6941088943',0,1,'LOS MOCHIS',2,4,19,'**********',NULL,1,'0000-00-00 00:00:00','0000-00-00 00:00:00'),(2023,45,'OLIVER','ALOY CODINACHS',45,'elplaka@hotmail.com','6941088943',0,1,'ESCUINAPA',1,2,5,'**********','02:00:28',1,'0000-00-00 00:00:00','2023-01-15 05:24:46'),(2023,46,'SANDRA','ALTIMIRAS ARMENTEROS',46,'elplaka@hotmail.com','6941088943',0,0,'-',2,4,19,'**********',NULL,1,'0000-00-00 00:00:00','0000-00-00 00:00:00'),(2023,47,'JORDI','BELMONTE SÁNCHEZ',47,'elplaka@hotmail.com','6941088943',0,0,'-',1,3,17,'**********',NULL,1,'0000-00-00 00:00:00','0000-00-00 00:00:00'),(2023,48,'MARC','BAJONA GARCIA',48,'elplaka@hotmail.com','6941088943',0,0,'-',2,6,18,'**********',NULL,1,'0000-00-00 00:00:00','0000-00-00 00:00:00'),(2023,49,'JORDINA','AGUILAR RODRIGUEZ',49,'elplaka@hotmail.com','6941088943',0,1,'LOS MOCHIS',2,4,19,'**********',NULL,1,'0000-00-00 00:00:00','0000-00-00 00:00:00'),(2023,50,'MARIA JOSÉ','BARRIGA SOTO',50,'elplaka@hotmail.com','6941088943',0,0,'-',2,4,19,'**********',NULL,1,'0000-00-00 00:00:00','0000-00-00 00:00:00'),(2023,51,'RAQUEL','AVILA MASJUAN',51,'elplaka@hotmail.com','6941088943',1,1,'CONCORDIA',1,1,14,'**********',NULL,1,'0000-00-00 00:00:00','0000-00-00 00:00:00'),(2023,52,'ENRIC','PARRAMON FLORES',52,'elplaka@hotmail.com','6941088943',0,1,'CULIACAN',1,2,6,'**********',NULL,1,'0000-00-00 00:00:00','0000-00-00 00:00:00'),(2023,53,'MARTA','AGUILAR RAMOS',53,'elplaka@hotmail.com','6941088943',0,0,'-',2,4,19,'**********','00:52:12',1,'0000-00-00 00:00:00','2023-01-15 05:44:23'),(2023,54,'CARLA','AYALA ALSINA',54,'elplaka@hotmail.com','6941088943',0,0,'-',1,1,14,'**********','02:00:18',1,'0000-00-00 00:00:00','2023-01-15 05:01:44'),(2023,55,'MARIA NOELIA','ALVAREZ TROYANO',55,'elplaka@hotmail.com','6941088943',0,1,'LOS MOCHIS',2,4,19,'**********',NULL,1,'0000-00-00 00:00:00','0000-00-00 00:00:00'),(2023,56,'CRISTINA','ALINS GONZÁLEZ',56,'elplaka@hotmail.com','6941088943',0,0,'-',1,1,14,'**********',NULL,1,'0000-00-00 00:00:00','0000-00-00 00:00:00'),(2023,57,'CARLOS','ACUÑA TORT',57,'elplaka@hotmail.com','6941088943',0,0,'-',2,6,18,'**********',NULL,1,'0000-00-00 00:00:00','0000-00-00 00:00:00'),(2023,58,'DAVID','ALGUÉ TRANCHO',58,'elplaka@hotmail.com','6941088943',0,0,'-',2,6,18,'**********',NULL,1,'0000-00-00 00:00:00','0000-00-00 00:00:00'),(2023,59,'CRISTIAN','BADIA CASTILLO',59,'elplaka@hotmail.com','6941088943',0,1,'CULIACAN',1,2,9,'**********',NULL,1,'0000-00-00 00:00:00','0000-00-00 00:00:00'),(2023,60,'JULIO ALBERTO','BENITEZ FLORES',60,'elplaka@hotmail.com','6941088943',0,0,'-',1,3,17,'**********','01:19:08',1,'0000-00-00 00:00:00','2023-01-15 05:31:38'),(2023,61,'SERGI','TORRUELLA GARCIA',61,'elplaka@hotmail.com','6941088943',0,0,'-',2,6,18,'**********',NULL,1,'0000-00-00 00:00:00','0000-00-00 00:00:00'),(2023,62,'ALEX','ALCARAZ RODRIGUEZ',62,'elplaka@hotmail.com','6941088943',0,0,'-',1,2,2,'**********','01:29:24',1,'0000-00-00 00:00:00','2023-01-11 03:23:07'),(2023,63,'VERÒNICA','ARMENCOT PUIG',63,'elplaka@hotmail.com','6941088943',0,0,'-',1,1,14,'**********',NULL,1,'0000-00-00 00:00:00','0000-00-00 00:00:00'),(2023,64,'MARIANA','AVILA ROMO',64,'elplaka@hotmail.com','6941088943',0,1,'CULIACAN',1,1,11,'**********','01:38:55',1,'0000-00-00 00:00:00','2023-01-08 00:02:08'),(2023,65,'MARC','BARRIGA RIU',65,'elplaka@hotmail.com','6941088943',0,0,'-',2,6,18,'**********',NULL,1,'0000-00-00 00:00:00','0000-00-00 00:00:00'),(2023,66,'GEMMA','PORTELLA GISPETS',66,'elplaka@hotmail.com','6941088943',0,0,'-',2,4,19,'**********',NULL,1,'0000-00-00 00:00:00','0000-00-00 00:00:00'),(2023,67,'RICARD','AGUILERA BAENA',67,'elplaka@hotmail.com','6941088943',0,1,'CULIACAN',1,2,5,'**********',NULL,1,'0000-00-00 00:00:00','0000-00-00 00:00:00'),(2023,68,'JUAN','RODRIGUEZ GARCÍA',68,'elplaka@hotmail.com','6941088943',0,0,'-',2,6,18,'**********',NULL,1,'0000-00-00 00:00:00','0000-00-00 00:00:00'),(2023,69,'MARTA','AGUILAR SUNYÉ',69,'elplaka@hotmail.com','6941088943',0,0,'-',1,1,16,'**********','02:10:58',1,'0000-00-00 00:00:00','2023-01-15 05:12:07'),(2023,70,'NATÀLIA','BARRIGA TARDÀ',70,'elplaka@hotmail.com','6941088943',0,0,'-',1,1,14,'**********','01:54:47',1,'0000-00-00 00:00:00','2023-01-15 05:01:58'),(2023,71,'MARTA','BARCONS LARA',71,'elplaka@hotmail.com','6941088943',0,1,'MAZATLAN',1,1,13,'**********',NULL,1,'0000-00-00 00:00:00','0000-00-00 00:00:00'),(2023,72,'LAURA','AGUILERA TATJÉ',72,'elplaka@hotmail.com','6941088943',0,1,'LOS MOCHIS',2,4,19,'**********','00:39:32',1,'0000-00-00 00:00:00','2023-01-15 05:44:04'),(2023,73,'JOAN','ALEU PRAT',73,'elplaka@hotmail.com','6941088943',0,0,'-',1,2,10,'**********',NULL,1,'0000-00-00 00:00:00','0000-00-00 00:00:00'),(2023,74,'ALEXIA','VALLÉS GIRVENT',74,'elplaka@hotmail.com','6941088943',0,1,'LOS MOCHIS',1,1,12,'**********','02:03:19',1,'0000-00-00 00:00:00','2023-01-15 04:58:41'),(2023,75,'FERRAN','MOLINA GARRIDO',75,'elplaka@hotmail.com','6941088943',0,0,'-',2,6,18,'**********',NULL,1,'0000-00-00 00:00:00','0000-00-00 00:00:00'),(2023,76,'CRISTINA','ARISSA HERMOSO',76,'elplaka@hotmail.com','6941088943',0,0,'-',1,1,15,'**********','02:03:04',1,'0000-00-00 00:00:00','2023-01-15 05:05:08'),(2023,77,'JOSÉ ANTONIO','BARALDÉS PARDO',77,'elplaka@hotmail.com','6941088943',0,0,'CONCORDIA',1,2,3,'**********',NULL,1,'0000-00-00 00:00:00','0000-00-00 00:00:00'),(2023,78,'JORDI','SUAREZ GARZÓN',78,'elplaka@hotmail.com','6941088943',0,0,'-',2,6,18,'**********',NULL,1,'0000-00-00 00:00:00','0000-00-00 00:00:00'),(2023,79,'BEGONYA','ARPA MORENO',79,'elplaka@hotmail.com','6941088943',0,1,'ESCUINAPA',2,4,19,'**********',NULL,1,'0000-00-00 00:00:00','0000-00-00 00:00:00'),(2023,80,'INGRID','ALOY FARRANDO',80,'elplaka@hotmail.com','6941088943',1,1,'CONCORDIA',1,1,14,'**********','01:56:25',1,'0000-00-00 00:00:00','2023-01-15 05:02:12'),(2023,81,'MIQUEL','LUQUE GARRIGASAIT',81,'elplaka@hotmail.com','6941088943',0,0,'-',2,6,18,'**********',NULL,1,'0000-00-00 00:00:00','0000-00-00 00:00:00'),(2023,82,'AGUSTÍ','RIDÓ GÓMEZ',82,'elplaka@hotmail.com','6941088943',0,0,'-',2,6,18,'**********',NULL,1,'0000-00-00 00:00:00','0000-00-00 00:00:00'),(2023,83,'ANTONI','SANTAMARIA FLOTATS',83,'elplaka@hotmail.com','6941088943',0,0,'-',2,6,18,'**********',NULL,1,'0000-00-00 00:00:00','0000-00-00 00:00:00'),(2023,84,'JOAN','HERMS GÓMEZ',84,'elplaka@hotmail.com','6941088943',0,1,'CULIACAN',1,2,8,'**********',NULL,1,'0000-00-00 00:00:00','0000-00-00 00:00:00'),(2023,85,'MÒNICA','ARTIGAS MATURANO',85,'elplaka@hotmail.com','6941088943',1,1,'CONCORDIA',1,1,14,'**********',NULL,1,'0000-00-00 00:00:00','0000-00-00 00:00:00'),(2023,86,'GERARD','AGUILAR MASANA',86,'elplaka@hotmail.com','6941088943',0,0,'-',2,6,18,'**********',NULL,1,'0000-00-00 00:00:00','0000-00-00 00:00:00'),(2023,87,'GEMMA','ALTIMIRAS SERAROLS',87,'elplaka@hotmail.com','6941088943',0,1,'MAZATLAN',1,1,13,'**********',NULL,1,'0000-00-00 00:00:00','0000-00-00 00:00:00'),(2023,88,'MARIA','TORRESCASANA GARCIA',88,'elplaka@hotmail.com','6941088943',0,1,'ESCUINAPA',2,4,19,'**********',NULL,1,'0000-00-00 00:00:00','0000-00-00 00:00:00'),(2023,89,'ORIOL','ARIZA PUIGBÓ',89,'elplaka@hotmail.com','6941088943',0,0,'-',2,6,18,'**********',NULL,1,'0000-00-00 00:00:00','0000-00-00 00:00:00'),(2023,90,'VIRGINIA','ALVAREZ ARMENTEROS',90,'elplaka@hotmail.com','6941088943',0,0,'-',2,4,19,'**********',NULL,1,'0000-00-00 00:00:00','0000-00-00 00:00:00'),(2023,91,'DAMIÀ','BARALDÉS TARRAGÓ',91,'elplaka@hotmail.com','6941088943',0,0,'-',2,6,18,'**********',NULL,1,'0000-00-00 00:00:00','0000-00-00 00:00:00'),(2023,92,'VALENTÍ','GARCIA GARCÍA',92,'elplaka@hotmail.com','6941088943',0,0,'-',1,3,17,'**********',NULL,1,'0000-00-00 00:00:00','0000-00-00 00:00:00'),(2023,93,'AINA','AROCA GÓMEZ',93,'elplaka@hotmail.com','6941088943',1,1,'CONCORDIA',1,1,14,'**********',NULL,1,'0000-00-00 00:00:00','0000-00-00 00:00:00'),(2023,94,'DAVID','ALONSO RODRIGUEZ',94,'elplaka@hotmail.com','6941088943',0,0,'-',1,2,8,'**********',NULL,1,'0000-00-00 00:00:00','0000-00-00 00:00:00'),(2023,95,'GERARD','CANO GÓMEZ',95,'elplaka@hotmail.com','6941088943',0,0,'-',2,6,18,'**********',NULL,1,'0000-00-00 00:00:00','0000-00-00 00:00:00'),(2023,96,'MARTA','ALCAIDE MOLINA',96,'elplaka@hotmail.com','6941088943',0,0,'-',1,1,13,'**********',NULL,1,'0000-00-00 00:00:00','0000-00-00 00:00:00'),(2023,97,'MIREIA','AGUILERA PRAT',97,'elplaka@hotmail.com','6941088943',0,1,'MAZATLAN',2,4,19,'**********','00:19:58',1,'0000-00-00 00:00:00','2023-01-15 05:44:41'),(2023,98,'ELOI','ALAPONT ICART',98,'elplaka@hotmail.com','6941088943',0,0,'-',2,6,18,'**********',NULL,1,'0000-00-00 00:00:00','0000-00-00 00:00:00'),(2023,99,'ANNA','RIVERO FLORIDO',99,'elplaka@hotmail.com','6941088943',0,1,'ESCUINAPA',2,4,19,'**********',NULL,1,'0000-00-00 00:00:00','0000-00-00 00:00:00'),(2023,100,'ALBA','AVILA MASJUAN',100,'elplaka@hotmail.com','6941088943',1,1,'CONCORDIA',2,4,19,'**********',NULL,1,'0000-00-00 00:00:00','0000-00-00 00:00:00'),(2023,101,'SANDRA','GRANADOS ANDRÉS',101,'elplaka@hotmail.com','6941088943',0,0,'-',1,1,13,'**********','01:44:23',1,'0000-00-00 00:00:00','2023-01-15 04:59:16'),(2023,102,'ERIC','FERRER GASSET',102,'elplaka@hotmail.com','6941088943',1,1,'CONCORDIA',2,5,20,'**********','00:30:25',1,'0000-00-00 00:00:00','2023-01-12 04:30:13'),(2023,103,'LUIS','AMIGO MODREGO',103,'elplaka@hotmail.com','6941088943',1,1,'CONCORDIA',2,5,20,'**********',NULL,1,'0000-00-00 00:00:00','0000-00-00 00:00:00'),(2023,104,'CRISTIAN','ABDIN TATJÈ',104,'elplaka@hotmail.com','6941088943',0,1,'CULIACAN',2,5,20,'**********',NULL,1,'0000-00-00 00:00:00','0000-00-00 00:00:00'),(2023,105,'GUILLEM','CANELLAS GOMEZ',105,'elplaka@hotmail.com','6941088943',0,1,'ESCUINAPA',2,5,20,'**********',NULL,1,'0000-00-00 00:00:00','0000-00-00 00:00:00'),(2023,106,'DIMAS','HIDALGO ALTIMIRAS',106,'elplaka@hotmail.com','6941088943',0,1,'CULIACAN',2,5,20,'**********',NULL,1,'0000-00-00 00:00:00','0000-00-00 00:00:00'),(2023,107,'ANA INÉS','BASTARDAS FRANCH',107,'elplaka@hotmail.com','6941088943',0,0,'-',2,4,19,'**********',NULL,1,'0000-00-00 00:00:00','0000-00-00 00:00:00'),(2023,108,'IVET','ABADIAS MASANA',108,'elplaka@hotmail.com','6941088943',1,1,'CONCORDIA',1,1,15,'**********','02:01:08',1,'0000-00-00 00:00:00','2023-01-15 05:05:15'),(2023,109,'JÚLIA','AREVALO SANCHEZ',109,'elplaka@hotmail.com','6941088943',1,1,'CONCORDIA',1,1,12,'**********','01:58:12',1,'0000-00-00 00:00:00','2023-01-15 04:58:52'),(2023,110,'DANIEL','ALINS MULET',110,'elplaka@hotmail.com','6941088943',0,1,'LOS MOCHIS',1,2,10,'**********',NULL,1,'0000-00-00 00:00:00','0000-00-00 00:00:00'),(2023,111,'ABEL','GARCIA GONZÁLEZ',111,'elplaka@hotmail.com','6941088943',0,0,'-',1,2,10,'**********',NULL,1,'0000-00-00 00:00:00','0000-00-00 00:00:00'),(2023,112,'IRENE','ALVAREZ PARCERISA',112,'elplaka@hotmail.com','6941088943',0,0,'-',2,4,19,'**********','00:38:14',1,'0000-00-00 00:00:00','2023-01-15 05:44:12'),(2023,113,'ADRIÀ','CASAS ANDRÉS',113,'elplaka@hotmail.com','6941088943',0,1,'LOS MOCHIS',1,2,2,'**********',NULL,1,'0000-00-00 00:00:00','0000-00-00 00:00:00'),(2023,114,'JAIRO','MORALES GESE',114,'elplaka@hotmail.com','6941088943',0,0,'-',1,2,9,'**********',NULL,1,'0000-00-00 00:00:00','0000-00-00 00:00:00'),(2023,115,'CRISTINA','BARALDÉS MARTORELL',115,'elplaka@hotmail.com','6941088943',0,0,'-',1,1,14,'**********',NULL,1,'0000-00-00 00:00:00','0000-00-00 00:00:00'),(2023,116,'DAVID','AROCA GÓMEZ',116,'elplaka@hotmail.com','6941088943',0,0,'-',1,2,1,'**********',NULL,1,'0000-00-00 00:00:00','0000-00-00 00:00:00'),(2023,117,'ADRIÀ','RUEDA ALVAREZ',117,'elplaka@hotmail.com','6941088943',0,1,'LOS MOCHIS',2,5,20,'**********',NULL,1,'0000-00-00 00:00:00','0000-00-00 00:00:00'),(2023,118,'LUCIA','ALVAREZ DOMENECH',118,'elplaka@hotmail.com','6941088943',1,1,'CONCORDIA',1,1,13,'**********','01:49:54',1,'0000-00-00 00:00:00','2023-01-15 04:59:09'),(2023,119,'CARLA','BOIX GONZÁLEZ',119,'elplaka@hotmail.com','6941088943',0,0,'-',1,1,13,'**********',NULL,1,'0000-00-00 00:00:00','0000-00-00 00:00:00'),(2023,120,'ADRIÀ','BARALDÉS MONRÓS',120,'elplaka@hotmail.com','6941088943',1,1,'CONCORDIA',1,2,5,'**********','02:09:04',1,'0000-00-00 00:00:00','2023-01-15 05:25:13'),(2023,121,'MARTA','AGUILERA MERINO',121,'elplaka@hotmail.com','6941088943',0,0,'-',1,1,12,'**********',NULL,1,'0000-00-00 00:00:00','0000-00-00 00:00:00'),(2023,122,'MARC','BAREA D\'HAENE',122,'elplaka@hotmail.com','6941088943',0,0,'CONCORDIA',1,2,3,'**********',NULL,1,'0000-00-00 00:00:00','0000-00-00 00:00:00'),(2023,123,'ALEX','BARROSO D\'HAENE',123,'elplaka@hotmail.com','6941088943',0,0,'-',1,2,8,'**********',NULL,1,'0000-00-00 00:00:00','0000-00-00 00:00:00'),(2023,124,'ROBERTO','LOZANO',124,'elplaka@hotmail.com','6941088944',0,0,'-',2,6,18,'**********',NULL,1,'0000-00-00 00:00:00','0000-00-00 00:00:00'),(2023,125,'SALVADOR','MARQUEZ',125,'elplaka@hotmail.com','6941088945',1,1,'CONCORDIA',1,2,10,'**********',NULL,1,'0000-00-00 00:00:00','0000-00-00 00:00:00'),(2023,126,'SEBASTIAN','MORA',126,'elplaka@hotmail.com','6941088946',0,0,'-',1,2,4,'**********',NULL,1,'0000-00-00 00:00:00','0000-00-00 00:00:00'),(2023,127,'FERNANDO','MOLINA',127,'elplaka@hotmail.com','6941088947',0,1,'CULIACAN',1,2,2,'**********',NULL,1,'0000-00-00 00:00:00','0000-00-00 00:00:00'),(2023,128,'ANDRES','SEGURA',128,'elplaka@hotmail.com','6941088948',0,1,'CULIACAN',1,2,1,'**********',NULL,1,'0000-00-00 00:00:00','0000-00-00 00:00:00'),(2023,129,'NICOLAS','DOMINGUEZ',129,'elplaka@hotmail.com','6941088949',0,0,'-',1,3,17,'**********',NULL,1,'0000-00-00 00:00:00','0000-00-00 00:00:00'),(2023,130,'FELIX','HERRAEZ',130,'elplaka@hotmail.com','6941088950',0,0,'-',2,6,18,'**********',NULL,1,'0000-00-00 00:00:00','0000-00-00 00:00:00'),(2023,131,'JOSEP','HERRANZ',131,'elplaka@hotmail.com','6941088951',1,1,'CONCORDIA',1,2,9,'**********',NULL,1,'0000-00-00 00:00:00','0000-00-00 00:00:00'),(2023,132,'ALBERTO','GIL',132,'elplaka@hotmail.com','6941088952',0,0,'-',2,5,20,'**********',NULL,1,'0000-00-00 00:00:00','0000-00-00 00:00:00'),(2023,133,'HUGO','HEREDIA',133,'elplaka@hotmail.com','6941088953',0,1,'CULIACAN',2,5,20,'**********',NULL,1,'0000-00-00 00:00:00','0000-00-00 00:00:00'),(2023,134,'VICTOR','ROMERO',134,'elplaka@hotmail.com','6941088954',0,0,'-',2,6,18,'**********',NULL,1,'0000-00-00 00:00:00','0000-00-00 00:00:00'),(2023,135,'GABRIEL','CALVO',135,'elplaka@hotmail.com','6941088955',0,1,'MAZATLAN',1,2,2,'**********','01:21:18',1,'0000-00-00 00:00:00','2023-01-11 03:19:15'),(2023,136,'EMILIO','SALMERON',136,'elplaka@hotmail.com','6941088956',0,1,'ESCUINAPA',2,5,20,'**********',NULL,1,'0000-00-00 00:00:00','0000-00-00 00:00:00'),(2023,137,'ALFREDO','VELAZQUEZ',137,'elplaka@hotmail.com','6941088957',1,1,'CONCORDIA',1,2,2,'**********',NULL,1,'0000-00-00 00:00:00','2023-01-09 22:49:26'),(2023,138,'EDGAR','ORTIZ PARRA',138,'elplaka@hotmail.com','6941088958',0,0,'CONCORDIA',1,2,3,'**********','01:19:35',1,'0000-00-00 00:00:00','2023-01-15 05:20:20'),(2023,139,'MARIO','ARRIBAS',139,'elplaka@hotmail.com','6941088959',0,1,'CULIACAN',1,2,4,'**********','01:58:37',1,'0000-00-00 00:00:00','2023-01-15 05:23:42'),(2023,140,'JOSE MIGUEL','FUENTES',140,'elplaka@hotmail.com','6941088960',0,0,'-',1,2,8,'**********',NULL,1,'0000-00-00 00:00:00','0000-00-00 00:00:00'),(2023,141,'JOSE MARIA','DOMINGUEZ',141,'elplaka@hotmail.com','6941088961',0,1,'CULIACAN',2,5,20,'**********',NULL,1,'0000-00-00 00:00:00','0000-00-00 00:00:00'),(2023,142,'HECTOR','SANTIAGO',142,'elplaka@hotmail.com','6941088962',0,0,'-',1,3,17,'**********',NULL,1,'0000-00-00 00:00:00','0000-00-00 00:00:00'),(2023,143,'XAVIER','DELGADO',143,'elplaka@hotmail.com','6941088963',0,0,'-',2,5,20,'**********',NULL,1,'0000-00-00 00:00:00','0000-00-00 00:00:00'),(2023,144,'LUIS','RAMIREZ',144,'elplaka@hotmail.com','6941088964',0,0,'-',2,6,18,'**********',NULL,1,'0000-00-00 00:00:00','0000-00-00 00:00:00'),(2023,145,'HUGO','PRIETO',145,'elplaka@hotmail.com','6941088965',0,0,'-',1,3,17,'**********','01:48:36',1,'0000-00-00 00:00:00','2023-01-15 05:31:56'),(2023,146,'MARIA','CRESPO',146,'elplaka@hotmail.com','6941088966',0,0,'-',1,2,9,'**********',NULL,1,'0000-00-00 00:00:00','0000-00-00 00:00:00'),(2023,147,'JUAN LUIS','MUÑOZ',147,'elplaka@hotmail.com','6941088967',0,0,'-',2,6,18,'**********',NULL,1,'0000-00-00 00:00:00','0000-00-00 00:00:00'),(2023,148,'JOAN','GALLEGO',148,'elplaka@hotmail.com','6941088968',0,0,'-',1,2,10,'**********',NULL,1,'0000-00-00 00:00:00','0000-00-00 00:00:00'),(2023,149,'YOLANDA','ORTIZ',149,'elplaka@hotmail.com','6941088969',0,1,'ESCUINAPA',1,1,16,'**********','02:32:38',1,'0000-00-00 00:00:00','2023-01-15 05:12:16'),(2023,150,'ANGEL','NAVARRO',150,'elplaka@hotmail.com','6941088970',0,0,'-',2,6,18,'**********',NULL,1,'0000-00-00 00:00:00','0000-00-00 00:00:00'),(2023,151,'ENRIQUE','MARIN',151,'elplaka@hotmail.com','6941088971',1,1,'CONCORDIA',1,2,8,'**********',NULL,1,'0000-00-00 00:00:00','0000-00-00 00:00:00'),(2023,152,'MARCOS','CARMONA',152,'elplaka@hotmail.com','6941088972',0,0,'-',1,2,6,'**********',NULL,1,'0000-00-00 00:00:00','0000-00-00 00:00:00'),(2023,153,'PAU','CALDERON',153,'elplaka@hotmail.com','6941088973',0,1,'LOS MOCHIS',1,2,4,'**********',NULL,1,'0000-00-00 00:00:00','0000-00-00 00:00:00'),(2023,154,'ISRAEL','MOYA',154,'elplaka@hotmail.com','6941088974',1,1,'CONCORDIA',1,2,9,'**********',NULL,1,'0000-00-00 00:00:00','0000-00-00 00:00:00'),(2023,155,'DOMINGO','ESTEBAN',155,'elplaka@hotmail.com','6941088975',0,1,'CULIACAN',1,1,15,'**********','02:19:36',1,'0000-00-00 00:00:00','2023-01-15 05:05:24'),(2023,156,'EUGENIO','CABALLERO',156,'elplaka@hotmail.com','6941088976',0,1,'MAZATLAN',1,2,10,'**********',NULL,1,'0000-00-00 00:00:00','0000-00-00 00:00:00'),(2023,157,'ERNESTO','ROJO MARIN',157,'elplaka@hotmail.com','6941088977',1,1,'CONCORDIA',1,2,9,'**********',NULL,1,'0000-00-00 00:00:00','0000-00-00 00:00:00'),(2023,158,'FATIMA','PALACIOS',158,'elplaka@hotmail.com','6941088978',0,0,'-',1,1,12,'**********',NULL,1,'0000-00-00 00:00:00','0000-00-00 00:00:00'),(2023,159,'CRISTINA','LOPEZ',159,'elplaka@hotmail.com','6941088979',1,1,'CONCORDIA',2,4,19,'**********',NULL,1,'0000-00-00 00:00:00','0000-00-00 00:00:00'),(2023,160,'AGUSTIN','SAN SEGUNDO',160,'elplaka@hotmail.com','6941088980',0,1,'LOS MOCHIS',1,2,9,'**********',NULL,1,'0000-00-00 00:00:00','0000-00-00 00:00:00'),(2023,161,'ESTEBAN','NUÑEZ',161,'elplaka@hotmail.com','6941088981',0,1,'CULIACAN',2,5,20,'**********',NULL,1,'0000-00-00 00:00:00','0000-00-00 00:00:00'),(2023,162,'NATALIA','MORENO',162,'elplaka@hotmail.com','6941088982',0,1,'CULIACAN',1,1,15,'**********','01:57:48',1,'0000-00-00 00:00:00','2023-01-15 05:05:35'),(2023,163,'IVAN','FUENTES',163,'elplaka@hotmail.com','6941088983',0,0,'-',2,5,20,'**********',NULL,1,'0000-00-00 00:00:00','0000-00-00 00:00:00'),(2023,164,'NOELIA','PALACIOS',164,'elplaka@hotmail.com','6941088984',0,0,'-',2,6,18,'**********',NULL,1,'0000-00-00 00:00:00','0000-00-00 00:00:00'),(2023,165,'CARLOS','SOTO DIAZ',165,'elplaka@hotmail.com','6941088985',0,1,'CULIACAN',1,2,1,'**********',NULL,1,'0000-00-00 00:00:00','0000-00-00 00:00:00'),(2023,166,'TOMAS','NIETO',166,'elplaka@hotmail.com','6941088986',0,0,'-',2,6,18,'**********',NULL,1,'0000-00-00 00:00:00','0000-00-00 00:00:00'),(2023,167,'CHRISTIAN','MURILLO',167,'elplaka@hotmail.com','6941088987',1,1,'CONCORDIA',2,5,20,'**********',NULL,1,'0000-00-00 00:00:00','0000-00-00 00:00:00'),(2023,168,'JULIO','CARRASCO',168,'elplaka@hotmail.com','6941088988',1,1,'CONCORDIA',1,2,5,'**********',NULL,1,'0000-00-00 00:00:00','0000-00-00 00:00:00'),(2023,169,'IKER','IBAÑEZ',169,'elplaka@hotmail.com','6941088989',0,0,'-',2,5,20,'**********',NULL,1,'0000-00-00 00:00:00','0000-00-00 00:00:00'),(2023,170,'LUCAS','PRIETO',170,'elplaka@hotmail.com','6941088990',0,0,'-',1,3,17,'**********','01:39:41',1,'0000-00-00 00:00:00','2023-01-15 05:31:48'),(2023,171,'NURIA','CASTILLO',171,'elplaka@hotmail.com','6941088991',0,0,'-',2,6,18,'**********',NULL,1,'0000-00-00 00:00:00','0000-00-00 00:00:00'),(2023,172,'MARIA ROSARIO','HERRERO',172,'elplaka@hotmail.com','6941088992',0,1,'CULIACAN',2,4,19,'**********',NULL,1,'0000-00-00 00:00:00','0000-00-00 00:00:00'),(2023,173,'ROSARIO','CASTRO',173,'elplaka@hotmail.com','6941088993',0,1,'CULIACAN',2,4,19,'**********',NULL,1,'0000-00-00 00:00:00','0000-00-00 00:00:00'),(2023,174,'RAMON','NUÑEZ',174,'elplaka@hotmail.com','6941088994',0,0,'-',1,2,8,'**********',NULL,1,'0000-00-00 00:00:00','0000-00-00 00:00:00'),(2023,175,'DIEGO','GONZALEZ',175,'elplaka@hotmail.com','6941088995',0,0,'-',1,2,10,'**********',NULL,1,'0000-00-00 00:00:00','0000-00-00 00:00:00'),(2023,176,'SERGIO','VARGAS',176,'elplaka@hotmail.com','6941088996',0,1,'LOS MOCHIS',2,5,20,'**********',NULL,1,'0000-00-00 00:00:00','0000-00-00 00:00:00'),(2023,177,'GUILLERMO','GALAN',177,'elplaka@hotmail.com','6941088997',1,1,'CONCORDIA',1,2,8,'**********',NULL,1,'0000-00-00 00:00:00','0000-00-00 00:00:00'),(2023,178,'MOHAMED','BLANCO',178,'elplaka@hotmail.com','6941088998',0,1,'MAZATLAN',2,5,20,'**********',NULL,1,'0000-00-00 00:00:00','0000-00-00 00:00:00'),(2023,179,'JORDI','HERRERA',179,'elplaka@hotmail.com','6941088999',0,1,'CULIACAN',1,2,5,'**********',NULL,1,'0000-00-00 00:00:00','0000-00-00 00:00:00'),(2023,180,'TOMAS','AGUILAR',180,'elplaka@hotmail.com','6941089000',0,0,'-',2,6,18,'**********',NULL,1,'0000-00-00 00:00:00','0000-00-00 00:00:00'),(2023,181,'FELIX','HIDALGO',181,'elplaka@hotmail.com','6941089001',0,0,'-',2,6,18,'**********',NULL,1,'0000-00-00 00:00:00','0000-00-00 00:00:00'),(2023,182,'JORGE ANTONIO','FERRER DELL',182,'elplaka@hotmail.com','6941089002',0,0,'-',1,2,3,'**********',NULL,1,'0000-00-00 00:00:00','0000-00-00 00:00:00'),(2023,183,'DANIELA','RAMOS',183,'elplaka@hotmail.com','6941089003',0,0,'-',1,3,17,'**********',NULL,1,'0000-00-00 00:00:00','0000-00-00 00:00:00'),(2023,184,'CATALINA','ARRIBAS',184,'elplaka@hotmail.com','6941089004',0,0,'-',2,6,18,'**********',NULL,1,'0000-00-00 00:00:00','0000-00-00 00:00:00'),(2023,185,'MARIA INES','GARRIDO',185,'elplaka@hotmail.com','6941089005',0,1,'CULIACAN',1,1,13,'**********',NULL,1,'0000-00-00 00:00:00','2023-01-10 01:52:26'),(2023,186,'EDUARDO','RUBIO',186,'elplaka@hotmail.com','6941089006',0,1,'CULIACÁN',1,2,2,'**********',NULL,1,'0000-00-00 00:00:00','2023-01-09 22:56:47'),(2023,187,'RODRIGO','IZQUIERDO',187,'elplaka@hotmail.com','6941089007',0,1,'MAZATLAN',1,2,5,'**********','01:38:46',1,'0000-00-00 00:00:00','2023-01-15 05:23:59'),(2023,188,'ANA ISABEL','MERINO',188,'elplaka@hotmail.com','6941089008',0,0,'-',2,6,18,'**********',NULL,1,'0000-00-00 00:00:00','0000-00-00 00:00:00'),(2023,189,'MIGUEL ANGEL','ROMERO',189,'elplaka@hotmail.com','6941089009',0,1,'MAZATLAN',2,5,20,'**********',NULL,1,'0000-00-00 00:00:00','0000-00-00 00:00:00'),(2023,190,'MARIO','FERNANDEZ LEE',190,'elplaka@hotmail.com','6941089010',1,1,'CONCORDIA',1,2,9,'**********',NULL,1,'0000-00-00 00:00:00','0000-00-00 00:00:00'),(2023,191,'ALBERT','DIAZ',191,'elplaka@hotmail.com','6941089011',0,0,'-',2,6,18,'**********',NULL,1,'0000-00-00 00:00:00','0000-00-00 00:00:00'),(2023,192,'IRENE','GIMENEZ',192,'elplaka@hotmail.com','6941089012',0,0,'-',1,1,12,'**********',NULL,1,'0000-00-00 00:00:00','0000-00-00 00:00:00'),(2023,193,'AMPARO','SAEZ',193,'elplaka@hotmail.com','6941089013',0,1,'CULIACAN',1,1,11,'**********','01:18:25',1,'0000-00-00 00:00:00','2023-01-08 00:00:55'),(2023,194,'JOSE ANTONIO','PEREZ',194,'elplaka@hotmail.com','6941089014',1,1,'CONCORDIA',1,2,10,'**********',NULL,1,'0000-00-00 00:00:00','0000-00-00 00:00:00'),(2023,195,'RAUL','CASTRO',195,'elplaka@hotmail.com','6941089015',0,1,'LOS MOCHIS',2,5,20,'**********',NULL,1,'0000-00-00 00:00:00','0000-00-00 00:00:00'),(2023,196,'SAMUEL','GIL ANAYA',196,'elplaka@hotmail.com','6941089016',1,1,'CONCORDIA',1,2,9,'**********',NULL,1,'0000-00-00 00:00:00','0000-00-00 00:00:00'),(2023,197,'CAROLINA','DUARTE LOPEZ',197,'elplaka@hotmail.com','6941089017',0,1,'CULIACAN',1,1,11,'**********','01:37:14',1,'0000-00-00 00:00:00','2023-01-08 00:01:35'),(2023,198,'DANIEL','GOMEZ',198,'elplaka@hotmail.com','6941089018',0,0,'-',2,6,18,'**********',NULL,1,'0000-00-00 00:00:00','0000-00-00 00:00:00'),(2023,199,'HECTOR','RAMOS',199,'elplaka@hotmail.com','6941089019',0,1,'LOS MOCHIS',1,2,5,'**********','01:57:18',1,'0000-00-00 00:00:00','2023-01-15 05:24:36'),(2023,200,'JESUS','RUIZ',200,'elplaka@hotmail.com','6941089020',0,0,'LOS MOCHIS',1,2,3,'**********',NULL,1,'0000-00-00 00:00:00','0000-00-00 00:00:00'),(2023,201,'SALVADOR','ALVAREZ',201,'elplaka@hotmail.com','6941089021',0,0,'-',2,6,18,'**********',NULL,1,'0000-00-00 00:00:00','0000-00-00 00:00:00'),(2023,202,'TERESA','SOLER',202,'elplaka@hotmail.com','6941089022',0,0,'-',2,4,19,'**********',NULL,1,'0000-00-00 00:00:00','0000-00-00 00:00:00'),(2023,203,'IGNACIO','GIMENEZ',203,'elplaka@hotmail.com','6941089023',0,0,'-',1,2,3,'**********',NULL,1,'0000-00-00 00:00:00','0000-00-00 00:00:00'),(2023,204,'MONICA','PUIG',204,'elplaka@hotmail.com','6941089024',0,0,'-',2,6,18,'**********',NULL,1,'0000-00-00 00:00:00','0000-00-00 00:00:00'),(2023,205,'FELIPE','MORENO',205,'elplaka@hotmail.com','6941089025',0,0,'-',2,6,18,'**********',NULL,1,'0000-00-00 00:00:00','0000-00-00 00:00:00'),(2023,206,'VICENTE','MALDONADO',206,'elplaka@hotmail.com','6941089026',0,0,'-',2,6,18,'**********',NULL,1,'0000-00-00 00:00:00','0000-00-00 00:00:00'),(2023,207,'SAMUEL','ARROYO',207,'elplaka@hotmail.com','6941089027',1,1,'CONCORDIA',1,2,2,'**********',NULL,1,'0000-00-00 00:00:00','2023-01-09 22:49:58'),(2023,208,'SANDRA','GUERRERO',208,'elplaka@hotmail.com','6941089028',0,1,'CULIACAN',1,1,16,'**********','02:15:39',1,'0000-00-00 00:00:00','2023-01-15 05:12:24'),(2023,209,'JUAN FRANCISCO','BENITEZ',209,'elplaka@hotmail.com','6941089029',0,0,'-',2,6,18,'**********',NULL,1,'0000-00-00 00:00:00','0000-00-00 00:00:00'),(2023,210,'MARIA VICTORIA','GIL',210,'elplaka@hotmail.com','6941089030',0,0,'-',1,1,11,'**********','01:59:01',1,'0000-00-00 00:00:00','2023-01-15 04:55:10'),(2023,211,'ALEXANDER','YUSTE',211,'elplaka@hotmail.com','6941089031',0,0,'-',2,5,20,'**********',NULL,1,'0000-00-00 00:00:00','0000-00-00 00:00:00'),(2023,212,'BEATRIZ','RUBIO',212,'elplaka@hotmail.com','6941089032',0,0,'-',2,6,18,'**********',NULL,1,'0000-00-00 00:00:00','0000-00-00 00:00:00'),(2023,213,'ANGELA','PASCUAL',213,'elplaka@hotmail.com','6941089033',0,0,'-',2,4,19,'**********',NULL,1,'0000-00-00 00:00:00','0000-00-00 00:00:00'),(2023,214,'VERONICA','ANTON',214,'elplaka@hotmail.com','6941089034',0,0,'-',2,6,18,'**********',NULL,1,'0000-00-00 00:00:00','0000-00-00 00:00:00'),(2023,215,'ALEJANDRA','BENITO',215,'elplaka@hotmail.com','6941089035',0,0,'-',2,6,18,'**********',NULL,1,'0000-00-00 00:00:00','0000-00-00 00:00:00'),(2023,216,'MIGUEL','MORENO',216,'elplaka@hotmail.com','6941089036',0,1,'ESCUINAPA',1,2,2,'**********',NULL,1,'0000-00-00 00:00:00','2023-01-09 22:49:36'),(2023,217,'VICTOR MANUEL','CORTES',217,'elplaka@hotmail.com','6941089037',0,1,'ESCUINAPA',1,2,10,'**********',NULL,1,'0000-00-00 00:00:00','0000-00-00 00:00:00'),(2023,218,'MARC','DELGADO',218,'elplaka@hotmail.com','6941089038',0,0,'-',1,3,17,'**********',NULL,1,'0000-00-00 00:00:00','0000-00-00 00:00:00'),(2023,219,'LORENA','PASCUAL',219,'elplaka@hotmail.com','6941089039',0,0,'-',1,1,14,'**********',NULL,1,'0000-00-00 00:00:00','0000-00-00 00:00:00'),(2023,220,'AITOR','LORENZO',220,'elplaka@hotmail.com','6941089040',0,1,'CULIACAN',2,5,20,'**********',NULL,1,'0000-00-00 00:00:00','0000-00-00 00:00:00'),(2023,221,'JOSE FRANCISCO','NAVARRO',221,'elplaka@hotmail.com','6941089041',0,0,'-',2,6,18,'**********',NULL,1,'0000-00-00 00:00:00','0000-00-00 00:00:00'),(2023,222,'RUBEN','ORTIZ',222,'elplaka@hotmail.com','6941089042',0,0,'-',2,5,20,'**********',NULL,1,'0000-00-00 00:00:00','0000-00-00 00:00:00'),(2023,223,'CRISTIAN','RUIZ',223,'elplaka@hotmail.com','6941089043',0,1,'CULIACAN',2,5,20,'**********',NULL,1,'0000-00-00 00:00:00','0000-00-00 00:00:00'),(2023,224,'ADOLFO','SUAREZ',224,'elplaka@hotmail.com','6941089044',0,0,'-',1,2,6,'**********',NULL,1,'0000-00-00 00:00:00','0000-00-00 00:00:00'),(2023,225,'JOSE RAMON','SANTANA',225,'elplaka@hotmail.com','6941089045',0,1,'CULIACAN',2,5,20,'**********',NULL,1,'0000-00-00 00:00:00','0000-00-00 00:00:00'),(2023,226,'ANTONIA','PEREZ',226,'elplaka@hotmail.com','6941089046',0,0,'-',2,4,20,'**********',NULL,1,'0000-00-00 00:00:00','2023-01-10 01:49:17'),(2023,227,'JOAQUIN','MONTOYA',227,'elplaka@hotmail.com','6941089047',0,0,'-',2,5,20,'**********',NULL,1,'0000-00-00 00:00:00','0000-00-00 00:00:00'),(2023,228,'MANUEL','RODRIGUEZ',228,'elplaka@hotmail.com','6941089048',1,1,'CONCORDIA',2,5,20,'**********',NULL,1,'0000-00-00 00:00:00','0000-00-00 00:00:00'),(2023,229,'OSCAR','RUBIO',229,'elplaka@hotmail.com','6941089049',0,1,'MAZATLAN',2,5,20,'**********',NULL,1,'0000-00-00 00:00:00','0000-00-00 00:00:00'),(2023,230,'BORJA','GALLEGO',230,'elplaka@hotmail.com','6941089050',1,1,'CONCORDIA',2,5,20,'**********',NULL,1,'0000-00-00 00:00:00','0000-00-00 00:00:00'),(2023,231,'PATRICIA','VILA',231,'elplaka@hotmail.com','6941089051',0,0,'-',1,1,13,'**********','01:54:36',1,'0000-00-00 00:00:00','2023-01-15 04:59:25'),(2023,232,'MARIA JESUS','ALONSO',232,'elplaka@hotmail.com','6941089052',0,0,'-',1,1,11,'**********','01:48:10',1,'0000-00-00 00:00:00','2023-01-15 04:55:19'),(2023,233,'OMAR','ANTON CRUZ',233,'elplaka@hotmail.com','6941089053',1,1,'CONCORDIA',1,2,9,'**********',NULL,1,'0000-00-00 00:00:00','0000-00-00 00:00:00'),(2023,234,'MARIA DOLORES','BRAVO',234,'elplaka@hotmail.com','6941089054',0,0,'-',1,2,5,'**********',NULL,1,'0000-00-00 00:00:00','0000-00-00 00:00:00'),(2023,235,'INES','DE LA FUENTE',235,'elplaka@hotmail.com','6941089055',0,0,'-',2,4,19,'**********',NULL,1,'0000-00-00 00:00:00','0000-00-00 00:00:00'),(2023,236,'ANTONIO','MORENO PEREZ',236,'elplaka@hotmail.com','6941089056',1,1,'CONCORDIA',1,2,2,'**********',NULL,1,'0000-00-00 00:00:00','0000-00-00 00:00:00'),(2023,237,'CESAR ARMANDO','DIAZ URIBE',237,'elplaka@hotmail.com','6941089057',1,1,'CONCORDIA',1,2,2,'**********',NULL,1,'0000-00-00 00:00:00','0000-00-00 00:00:00'),(2023,238,'JOSE MANUEL','MUÑOZ',238,'elplaka@hotmail.com','6941089058',0,1,'ESCUINAPA',1,2,9,'**********',NULL,1,'0000-00-00 00:00:00','0000-00-00 00:00:00'),(2023,239,'JORGE','ALONSO',239,'elplaka@hotmail.com','6941089059',0,1,'COSALA',1,2,1,'**********','01:24:02',1,'0000-00-00 00:00:00','2023-01-11 03:28:51'),(2023,240,'MARIA ROSA','IZQUIERDO',240,'elplaka@hotmail.com','6941089060',0,1,'CULIACAN',2,5,20,'**********',NULL,1,'0000-00-00 00:00:00','0000-00-00 00:00:00'),(2023,241,'SEBASTIAN','VAZQUEZ',241,'elplaka@hotmail.com','6941089061',0,0,'-',1,2,1,'**********',NULL,1,'0000-00-00 00:00:00','0000-00-00 00:00:00'),(2023,242,'PEDRO','ALONSO',242,'elplaka@hotmail.com','6941089062',0,1,'MAZATLAN',1,2,2,'**********',NULL,1,'0000-00-00 00:00:00','0000-00-00 00:00:00'),(2023,243,'JULIAN','DIEZ',243,'elplaka@hotmail.com','6941089063',0,1,'CULIACAN',1,2,2,'**********',NULL,1,'0000-00-00 00:00:00','2023-01-09 22:50:13'),(2023,244,'PABLO','GUTIERREZ',244,'elplaka@hotmail.com','6941089064',1,1,'CONCORDIA',1,2,6,'**********',NULL,1,'0000-00-00 00:00:00','0000-00-00 00:00:00'),(2023,245,'DARIO','BENITEZ',245,'elplaka@hotmail.com','6941089065',0,0,'MAZATLAN',1,2,3,'**********','01:29:10',1,'0000-00-00 00:00:00','2023-01-15 05:20:12'),(2023,246,'JUAN JOSE','BLANCO ARIAS',246,'elplaka@hotmail.com','6941089066',1,1,'CONCORDIA',1,2,6,'**********',NULL,1,'0000-00-00 00:00:00','0000-00-00 00:00:00'),(2023,247,'FRANCISCO','FERNANDEZ',247,'elplaka@hotmail.com','6941089067',0,0,'-',2,6,18,'**********',NULL,1,'0000-00-00 00:00:00','0000-00-00 00:00:00'),(2023,248,'ALFREDO','ROJAS',248,'elplaka@hotmail.com','6941089068',0,0,'-',1,2,1,'**********',NULL,1,'0000-00-00 00:00:00','0000-00-00 00:00:00'),(2023,249,'ADRIAN','MOLINA',249,'elplaka@hotmail.com','6941089069',1,1,'CONCORDIA',1,2,1,'**********','01:41:28',1,'0000-00-00 00:00:00','2023-01-15 05:16:09'),(2023,250,'JUAN ANTONIO','DELGADO',250,'elplaka@hotmail.com','6941089070',0,1,'ESCUINAPA',1,2,5,'**********','02:05:26',1,'0000-00-00 00:00:00','2023-01-15 05:25:00'),(2023,251,'ISAAC','MENDEZ',251,'elplaka@hotmail.com','6941089071',0,0,'-',1,2,2,'**********','01:23:52',1,'0000-00-00 00:00:00','2023-01-11 03:21:39'),(2023,252,'MOHAMED','VIDAL',252,'elplaka@hotmail.com','6941089072',0,0,'-',2,6,18,'**********',NULL,1,'0000-00-00 00:00:00','0000-00-00 00:00:00'),(2023,253,'MARIA PILAR','VELASCO',253,'elplaka@hotmail.com','6941089073',0,0,'-',2,6,18,'**********',NULL,1,'0000-00-00 00:00:00','0000-00-00 00:00:00'),(2023,254,'MARTIN','GIL',254,'elplaka@hotmail.com','6941089074',0,1,'ESCUINAPA',1,2,6,'**********',NULL,1,'0000-00-00 00:00:00','0000-00-00 00:00:00'),(2023,255,'LORENZO','FLORES',255,'elplaka@hotmail.com','6941089075',0,1,'LOS MOCHIS',2,5,20,'**********',NULL,1,'0000-00-00 00:00:00','0000-00-00 00:00:00'),(2023,256,'DIEGO','BLANCO',256,'elplaka@hotmail.com','6941089076',1,1,'CONCORDIA',2,5,20,'**********',NULL,1,'0000-00-00 00:00:00','0000-00-00 00:00:00'),(2023,257,'RICARDO','MANZANO',257,'elplaka@hotmail.com','6941089077',0,0,'-',2,6,18,'**********',NULL,1,'0000-00-00 00:00:00','0000-00-00 00:00:00'),(2023,258,'RAQUEL','MORALES',258,'elplaka@hotmail.com','6941089078',0,0,'-',1,1,13,'**********',NULL,1,'0000-00-00 00:00:00','0000-00-00 00:00:00'),(2023,259,'CARLOS','ESQUIVEL RUIZ',259,'elplaka@hotmail.com','6941089079',1,1,'CONCORDIA',2,5,20,'**********',NULL,1,'0000-00-00 00:00:00','0000-00-00 00:00:00'),(2023,260,'MARTIN','MERINO CASAS',260,'elplaka@hotmail.com','6941089080',0,0,'MAZATLAN',1,2,3,'**********',NULL,1,'0000-00-00 00:00:00','0000-00-00 00:00:00'),(2023,261,'GUILLERMO','CABRERA',261,'elplaka@hotmail.com','6941089081',0,1,'LOS MOCHIS',1,2,2,'**********',NULL,1,'0000-00-00 00:00:00','0000-00-00 00:00:00'),(2023,262,'ALDO','FLORES CAMPOS',262,'elplaka@hotmail.com','6941089082',1,1,'CONCORDIA',1,2,1,'**********','01:32:14',1,'0000-00-00 00:00:00','2023-01-15 05:16:39'),(2023,263,'JUAN CARLOS','MORALES',263,'elplaka@hotmail.com','6941089083',0,0,'-',1,2,5,'**********',NULL,1,'0000-00-00 00:00:00','0000-00-00 00:00:00'),(2023,264,'DIEGO','GUTIERREZ',264,'elplaka@hotmail.com','6941089084',0,1,'LOS MOCHIS',2,5,20,'**********',NULL,1,'0000-00-00 00:00:00','0000-00-00 00:00:00'),(2023,265,'IKER','MENDEZ',265,'elplaka@hotmail.com','6941089085',0,0,'-',1,3,17,'**********',NULL,1,'0000-00-00 00:00:00','0000-00-00 00:00:00'),(2023,266,'JOEL','CORTES',266,'elplaka@hotmail.com','6941089086',1,1,'CONCORDIA',2,5,20,'**********',NULL,1,'0000-00-00 00:00:00','0000-00-00 00:00:00'),(2023,267,'MONTSERRAT','MEDINA',267,'elplaka@hotmail.com','6941089087',0,0,'-',2,6,18,'**********',NULL,1,'0000-00-00 00:00:00','0000-00-00 00:00:00'),(2023,268,'SOFIA','VELASCO',268,'elplaka@hotmail.com','6941089088',0,0,'-',1,3,17,'**********','01:43:39',1,'0000-00-00 00:00:00','2023-01-15 05:32:05'),(2023,269,'MARIO ARMANDO','MUÑOZ',269,'elplaka@hotmail.com','6941089089',1,1,'CONCORDIA',1,2,2,'**********',NULL,1,'0000-00-00 00:00:00','0000-00-00 00:00:00'),(2023,270,'ALVARO','SERRANO',270,'elplaka@hotmail.com','6941089090',0,0,'-',2,6,18,'**********',NULL,1,'0000-00-00 00:00:00','0000-00-00 00:00:00'),(2023,271,'MATEO','GOMEZ',271,'elplaka@hotmail.com','6941089091',0,1,'MAZATLAN',1,2,8,'**********',NULL,1,'0000-00-00 00:00:00','0000-00-00 00:00:00'),(2023,272,'CRISTIAN','VARGAS',272,'elplaka@hotmail.com','6941089092',1,1,'CONCORDIA',1,2,5,'**********',NULL,1,'0000-00-00 00:00:00','0000-00-00 00:00:00'),(2023,273,'JULIAN','SANZ',273,'elplaka@hotmail.com','6941089093',0,0,'-',2,6,18,'**********',NULL,1,'0000-00-00 00:00:00','0000-00-00 00:00:00'),(2023,274,'JUAN','MARTINEZ',274,'elplaka@hotmail.com','6941089094',0,1,'ESCUINAPA',1,2,10,'**********',NULL,1,'0000-00-00 00:00:00','0000-00-00 00:00:00'),(2023,275,'ROCIO','VIDAL',275,'elplaka@hotmail.com','6941089095',0,1,'LOS MOCHIS',1,2,9,'**********',NULL,1,'0000-00-00 00:00:00','0000-00-00 00:00:00'),(2023,276,'ALFONSO','PEÑA',276,'elplaka@hotmail.com','6941089096',1,1,'CONCORDIA',1,2,1,'**********',NULL,1,'0000-00-00 00:00:00','0000-00-00 00:00:00'),(2023,277,'JAIME','CANO',277,'elplaka@hotmail.com','6941089097',1,1,'CONCORDIA',1,2,10,'**********',NULL,1,'0000-00-00 00:00:00','0000-00-00 00:00:00'),(2023,278,'IGNACIO','FLORES',278,'elplaka@hotmail.com','6941089098',0,1,'CULIACAN',1,2,6,'**********',NULL,1,'0000-00-00 00:00:00','0000-00-00 00:00:00'),(2023,279,'MARIA TERESA','SOLER',279,'elplaka@hotmail.com','6941089099',0,1,'ESCUINAPA',1,1,14,'**********',NULL,1,'0000-00-00 00:00:00','0000-00-00 00:00:00'),(2023,280,'ANTONIO','GARCIA',280,'elplaka@hotmail.com','6941089100',0,1,'ESCUINAPA',1,2,2,'**********',NULL,1,'0000-00-00 00:00:00','2023-01-09 22:50:04'),(2023,281,'MARCOS','CRUZ',281,'elplaka@hotmail.com','6941089101',0,0,'LOS MOCHIS',1,2,3,'**********',NULL,1,'0000-00-00 00:00:00','0000-00-00 00:00:00'),(2023,282,'ROBERTO','MARIN',282,'elplaka@hotmail.com','6941089102',1,1,'CONCORDIA',2,5,20,'**********',NULL,1,'0000-00-00 00:00:00','0000-00-00 00:00:00'),(2023,283,'JULIA','DELGADO',283,'elplaka@hotmail.com','6941089103',0,0,'-',1,1,13,'**********','01:34:17',1,'0000-00-00 00:00:00','2023-01-15 04:59:37'),(2023,284,'LUCIA','MARTINEZ',284,'elplaka@hotmail.com','6941089104',0,0,'-',2,4,19,'**********',NULL,1,'0000-00-00 00:00:00','0000-00-00 00:00:00'),(2023,285,'MARIA MAR','MARTI',285,'elplaka@hotmail.com','6941089105',0,0,'-',1,1,14,'**********',NULL,1,'0000-00-00 00:00:00','0000-00-00 00:00:00'),(2023,286,'JAVIER','SANCHEZ',286,'elplaka@hotmail.com','6941089106',0,1,'ESCUINAPA',2,5,20,'**********',NULL,1,'0000-00-00 00:00:00','0000-00-00 00:00:00'),(2023,287,'MARIA JOSE','SANCHEZ',287,'elplaka@hotmail.com','6941089107',0,0,'-',2,6,18,'**********',NULL,1,'0000-00-00 00:00:00','0000-00-00 00:00:00'),(2023,288,'ALFONSO','CANO',288,'elplaka@hotmail.com','6941089108',0,0,'MAZATLAN',1,2,3,'**********',NULL,1,'0000-00-00 00:00:00','0000-00-00 00:00:00'),(2023,289,'MARIANO','CALVO',289,'elplaka@hotmail.com','6941089109',0,0,'-',2,6,18,'**********',NULL,1,'0000-00-00 00:00:00','0000-00-00 00:00:00'),(2023,290,'MARIA JOSEFA','SAEZ',290,'elplaka@hotmail.com','6941089110',0,1,'MAZATLAN',2,4,19,'**********',NULL,1,'0000-00-00 00:00:00','0000-00-00 00:00:00'),(2023,291,'ESTHER','CUESTA',291,'elplaka@hotmail.com','6941089111',0,1,'CULIACAN',1,2,2,'**********',NULL,1,'0000-00-00 00:00:00','0000-00-00 00:00:00'),(2023,292,'ERIC','NIETO',292,'elplaka@hotmail.com','6941089112',0,0,'-',2,5,20,'**********',NULL,1,'0000-00-00 00:00:00','0000-00-00 00:00:00'),(2023,293,'CONSUELO','NUÑEZ',293,'elplaka@hotmail.com','6941089113',0,0,'-',1,3,17,'**********',NULL,1,'0000-00-00 00:00:00','0000-00-00 00:00:00'),(2023,294,'CARMEN','ROMAN',294,'elplaka@hotmail.com','6941089114',0,0,'-',2,6,18,'**********',NULL,1,'0000-00-00 00:00:00','0000-00-00 00:00:00'),(2023,295,'CESAR','ARRIBAS',295,'elplaka@hotmail.com','6941089115',0,0,'-',2,5,20,'**********',NULL,1,'0000-00-00 00:00:00','0000-00-00 00:00:00'),(2023,296,'MARIA CONCEPCION','IBAÑEZ',296,'elplaka@hotmail.com','6941089116',0,1,'MAZATLAN',2,4,19,'**********',NULL,1,'0000-00-00 00:00:00','0000-00-00 00:00:00'),(2023,297,'RAMON','PARRA',297,'elplaka@hotmail.com','6941089117',0,1,'MAZATLAN',1,2,6,'**********',NULL,1,'0000-00-00 00:00:00','0000-00-00 00:00:00'),(2023,298,'MANUEL','ARNAIZ',298,'elplaka@hotmail.com','6941089118',0,0,'-',1,2,2,'**********',NULL,1,'0000-00-00 00:00:00','0000-00-00 00:00:00'),(2023,299,'JOSE LUIS','JIMENEZ',299,'elplaka@hotmail.com','6941089119',0,1,'LOS MOCHIS',2,5,20,'**********',NULL,1,'0000-00-00 00:00:00','0000-00-00 00:00:00'),(2023,300,'ALVARO','CASTILLO',300,'elplaka@hotmail.com','6941089120',0,0,'CONCORDIA',1,2,3,'**********','01:48:37',1,'0000-00-00 00:00:00','2023-01-15 05:20:42'),(2023,301,'RAUL','CRUZ',301,'elplaka@hotmail.com','6941089121',0,1,'CULIACAN',2,5,20,'**********',NULL,1,'0000-00-00 00:00:00','0000-00-00 00:00:00'),(2023,302,'RUBEN','ORTIZ',302,'elplaka@hotmail.com','6941089122',0,0,'ZACATECAS',1,2,2,'**********','01:17:31',1,'0000-00-00 00:00:00','2023-01-11 03:22:40'),(2023,303,'ALEX','DURAN',303,'elplaka@hotmail.com','6941089123',0,0,'-',2,6,18,'**********',NULL,1,'0000-00-00 00:00:00','0000-00-00 00:00:00'),(2023,304,'CONCEPCION','ORTEGA',304,'elplaka@hotmail.com','6941089124',0,0,'-',2,6,18,'**********',NULL,1,'0000-00-00 00:00:00','0000-00-00 00:00:00'),(2023,305,'SERGIO','TORRES',305,'elplaka@hotmail.com','6941089125',0,0,'-',1,2,8,'**********',NULL,1,'0000-00-00 00:00:00','0000-00-00 00:00:00'),(2023,306,'ANA MARIA','PASTOR',306,'elplaka@hotmail.com','6941089126',0,0,'-',2,6,18,'**********',NULL,1,'0000-00-00 00:00:00','0000-00-00 00:00:00'),(2023,307,'MATEO','MENDOZA',307,'elplaka@hotmail.com','6941089127',0,0,'-',2,6,18,'**********',NULL,1,'0000-00-00 00:00:00','0000-00-00 00:00:00'),(2023,308,'MOHAMMED','CARMONA',308,'elplaka@hotmail.com','6941089128',0,0,'-',1,2,5,'**********',NULL,1,'0000-00-00 00:00:00','0000-00-00 00:00:00'),(2023,309,'CLAUDIA','IBAÑEZ',309,'elplaka@hotmail.com','6941089129',0,0,'-',1,1,13,'**********','01:56:51',1,'0000-00-00 00:00:00','2023-01-15 04:59:47'),(2023,310,'AINHOA','CUESTA',310,'elplaka@hotmail.com','6941089130',0,1,'LOS MOCHIS',1,2,9,'**********',NULL,1,'0000-00-00 00:00:00','0000-00-00 00:00:00'),(2023,311,'ISMAEL','PASCUAL',311,'elplaka@hotmail.com','6941089131',0,0,'-',2,6,18,'**********',NULL,1,'0000-00-00 00:00:00','0000-00-00 00:00:00'),(2023,312,'GREGORIO','BLANCO',312,'elplaka@hotmail.com','6941089132',0,1,'CULIACAN',2,5,20,'**********',NULL,1,'0000-00-00 00:00:00','0000-00-00 00:00:00'),(2023,313,'ANGELES','CALVO',313,'elplaka@hotmail.com','6941089133',0,1,'MAZATLAN',1,2,9,'**********',NULL,1,'0000-00-00 00:00:00','0000-00-00 00:00:00'),(2023,314,'PILAR','ORTIZ',314,'elplaka@hotmail.com','6941089134',0,0,'-',2,6,18,'**********',NULL,1,'0000-00-00 00:00:00','0000-00-00 00:00:00'),(2023,315,'ANDRES','SANZ',315,'elplaka@hotmail.com','6941089135',0,1,'CULIACAN',1,2,5,'**********',NULL,1,'0000-00-00 00:00:00','0000-00-00 00:00:00'),(2023,316,'FRANCISCO JAVIER','MARTIN',316,'elplaka@hotmail.com','6941089136',1,1,'CONCORDIA',1,2,2,'**********',NULL,1,'0000-00-00 00:00:00','0000-00-00 00:00:00'),(2023,317,'IVAN','ORTEGA',317,'elplaka@hotmail.com','6941089137',0,0,'TORREON',1,2,2,'**********',NULL,1,'0000-00-00 00:00:00','2023-01-09 22:55:47'),(2023,318,'PAULA','TORRES',318,'elplaka@hotmail.com','6941089138',1,1,'CONCORDIA',2,4,19,'**********',NULL,1,'0000-00-00 00:00:00','0000-00-00 00:00:00'),(2023,319,'JOAQUIN','CORTES',319,'elplaka@hotmail.com','6941089139',0,1,'LOS MOCHIS',1,2,9,'**********',NULL,1,'0000-00-00 00:00:00','0000-00-00 00:00:00'),(2023,320,'GONZALO','SERRANO',320,'elplaka@hotmail.com','6941089140',0,1,'MAZATLAN',1,2,10,'**********',NULL,1,'0000-00-00 00:00:00','0000-00-00 00:00:00'),(2023,321,'ROSA MARIA','RAMOS',321,'elplaka@hotmail.com','6941089141',0,0,'-',2,6,18,'**********',NULL,1,'0000-00-00 00:00:00','0000-00-00 00:00:00'),(2023,322,'CARLOS','HERNANDEZ',322,'elplaka@hotmail.com','6941089142',0,0,'-',1,2,6,'**********',NULL,1,'0000-00-00 00:00:00','0000-00-00 00:00:00'),(2023,323,'ANGEL','GALLARDO LOPEZ',323,'elplaka@hotmail.com','6941089143',0,1,'ESCUINAPA',1,2,1,'**********','01:27:25',1,'0000-00-00 00:00:00','2023-01-11 03:28:44'),(2023,324,'RAFAEL','ALVAREZ',324,'elplaka@hotmail.com','6941089144',0,0,'-',2,6,18,'**********',NULL,1,'0000-00-00 00:00:00','0000-00-00 00:00:00'),(2023,325,'LUIS MIGUEL','TORRES',325,'elplaka@hotmail.com','6941089145',1,1,'CONCORDIA',2,5,20,'**********',NULL,1,'0000-00-00 00:00:00','0000-00-00 00:00:00'),(2023,326,'CARLA','MUÑOZ',326,'elplaka@hotmail.com','6941089146',0,0,'-',1,1,13,'**********',NULL,1,'0000-00-00 00:00:00','0000-00-00 00:00:00'),(2023,327,'MARIA SOLEDAD','ROJO',327,'elplaka@hotmail.com','6941089147',0,0,'-',2,6,18,'**********',NULL,1,'0000-00-00 00:00:00','0000-00-00 00:00:00'),(2023,328,'ALBERT','LOZANO',328,'elplaka@hotmail.com','6941089148',0,0,'-',2,6,18,'**********',NULL,1,'0000-00-00 00:00:00','0000-00-00 00:00:00'),(2023,329,'NEREA','NUÑEZ',329,'elplaka@hotmail.com','6941089149',0,0,'-',2,6,18,'**********',NULL,1,'0000-00-00 00:00:00','0000-00-00 00:00:00'),(2023,330,'VICTOR','SANTOS',330,'elplaka@hotmail.com','6941089150',1,1,'CONCORDIA',1,2,8,'**********',NULL,1,'0000-00-00 00:00:00','0000-00-00 00:00:00'),(2023,331,'LAURA','PARRA',331,'elplaka@hotmail.com','6941089151',1,1,'CONCORDIA',1,1,16,'**********',NULL,1,'0000-00-00 00:00:00','0000-00-00 00:00:00'),(2023,332,'LIDIA','HERRERO',332,'elplaka@hotmail.com','6941089152',0,0,'-',2,6,18,'**********',NULL,1,'0000-00-00 00:00:00','0000-00-00 00:00:00'),(2023,333,'JOSE ANGEL','RUIZ',333,'elplaka@hotmail.com','6941089153',1,1,'CONCORDIA',1,2,6,'**********',NULL,1,'0000-00-00 00:00:00','0000-00-00 00:00:00'),(2023,334,'SAMUEL','PASCUAL',334,'elplaka@hotmail.com','6941089154',0,1,'MAZATLAN',2,5,20,'**********',NULL,1,'0000-00-00 00:00:00','0000-00-00 00:00:00'),(2023,335,'ISMAEL','HERRERO',335,'elplaka@hotmail.com','6941089155',0,0,'-',1,3,17,'**********',NULL,1,'0000-00-00 00:00:00','0000-00-00 00:00:00'),(2023,336,'LUCAS','GIMENEZ',336,'elplaka@hotmail.com','6941089156',1,1,'CONCORDIA',2,5,20,'**********',NULL,1,'0000-00-00 00:00:00','0000-00-00 00:00:00'),(2023,337,'JULIO','SOLER',337,'elplaka@hotmail.com','6941089157',0,0,'-',2,6,18,'**********',NULL,1,'0000-00-00 00:00:00','0000-00-00 00:00:00'),(2023,338,'EVA','BENITO',338,'elplaka@hotmail.com','6941089158',0,0,'-',2,6,18,'**********',NULL,1,'0000-00-00 00:00:00','0000-00-00 00:00:00'),(2023,339,'FRANCISCO JOSE','MENDEZ',339,'elplaka@hotmail.com','6941089159',0,0,'-',1,2,10,'**********',NULL,1,'0000-00-00 00:00:00','0000-00-00 00:00:00'),(2023,340,'MARIANO','VICENTE',340,'elplaka@hotmail.com','6941089160',0,1,'CULIACAN',1,2,4,'**********',NULL,1,'0000-00-00 00:00:00','0000-00-00 00:00:00'),(2023,341,'MARIO','AMADOR',341,'elplaka@hotmail.com','6941089161',0,0,'-',2,6,18,'**********',NULL,1,'0000-00-00 00:00:00','0000-00-00 00:00:00'),(2023,342,'GERMAN','SILVA',342,'elplaka@hotmail.com','6941089162',1,1,'CONCORDIA',1,2,2,'**********',NULL,1,'0000-00-00 00:00:00','2023-01-09 22:47:28'),(2023,343,'ALEJANDRO','DIAZ',343,'elplaka@hotmail.com','6941089163',0,1,'LOS MOCHIS',2,5,20,'**********',NULL,1,'0000-00-00 00:00:00','0000-00-00 00:00:00'),(2023,344,'MARC','GALLEGO',344,'elplaka@hotmail.com','6941089164',0,0,'-',2,6,18,'**********',NULL,1,'0000-00-00 00:00:00','0000-00-00 00:00:00'),(2023,345,'AGUSTIN','NIETO',345,'elplaka@hotmail.com','6941089165',0,1,'LOS MOCHIS',2,5,20,'**********',NULL,1,'0000-00-00 00:00:00','0000-00-00 00:00:00'),(2023,346,'JORDI','HERRERO',346,'elplaka@hotmail.com','6941089166',0,0,'-',2,5,20,'**********',NULL,1,'0000-00-00 00:00:00','0000-00-00 00:00:00'),(2023,347,'MANUELA','MARIN',347,'elplaka@hotmail.com','6941089167',0,1,'CULIACAN',1,1,13,'**********',NULL,1,'0000-00-00 00:00:00','0000-00-00 00:00:00'),(2023,348,'JUANA','VAZQUEZ',348,'elplaka@hotmail.com','6941089168',0,1,'MAZATLAN',2,4,20,'**********',NULL,1,'0000-00-00 00:00:00','2023-01-10 01:50:28'),(2023,349,'JOSE','GONZALEZ',349,'elplaka@hotmail.com','6941089169',0,1,'ESCUINAPA',2,5,20,'**********',NULL,1,'0000-00-00 00:00:00','0000-00-00 00:00:00'),(2023,350,'MARCO ANTONIO','GARCIA',350,'elplaka@hotmail.com','6941089170',1,1,'CONCORDIA',2,5,20,'**********',NULL,1,'0000-00-00 00:00:00','0000-00-00 00:00:00'),(2023,351,'MARINA','CALVO',351,'elplaka@hotmail.com','6941089171',0,0,'-',2,5,20,'**********',NULL,1,'0000-00-00 00:00:00','0000-00-00 00:00:00'),(2023,352,'SUSANA','IZQUIERDO',352,'elplaka@hotmail.com','6941089172',0,1,'LOS MOCHIS',2,4,20,'**********',NULL,1,'0000-00-00 00:00:00','2023-01-10 01:50:41'),(2023,353,'JORGE','VAZQUEZ',353,'elplaka@hotmail.com','6941089173',1,1,'CONCORDIA',2,5,20,'**********',NULL,1,'0000-00-00 00:00:00','0000-00-00 00:00:00'),(2023,354,'JAIME','RAMIREZ',354,'elplaka@hotmail.com','6941089174',0,0,'-',1,2,10,'**********',NULL,1,'0000-00-00 00:00:00','0000-00-00 00:00:00'),(2023,355,'MERCEDES','DOMINGUEZ',355,'elplaka@hotmail.com','6941089175',1,1,'CONCORDIA',1,1,16,'**********','02:14:17',1,'0000-00-00 00:00:00','2023-01-15 05:12:34'),(2023,356,'RICARDO','LEON',356,'elplaka@hotmail.com','6941089176',0,1,'CULIACAN',1,2,1,'**********',NULL,1,'0000-00-00 00:00:00','0000-00-00 00:00:00'),(2023,357,'XAVIER','SANTIAGO',357,'elplaka@hotmail.com','6941089177',0,0,'HERMOSILLO',1,2,2,'**********',NULL,1,'0000-00-00 00:00:00','2023-01-09 22:56:33'),(2023,358,'RAFAEL','MORALES',358,'elplaka@hotmail.com','6941089178',0,0,'-',2,5,20,'**********',NULL,1,'0000-00-00 00:00:00','0000-00-00 00:00:00'),(2023,359,'GABRIEL','RAMOS RIOS',359,'elplaka@hotmail.com','6941089179',0,0,'-',1,2,1,'**********','01:26:31',1,'0000-00-00 00:00:00','2023-01-15 05:16:18'),(2023,360,'NICOLAS','CABALLERO',360,'elplaka@hotmail.com','6941089180',0,0,'LOS MOCHIS',1,2,3,'**********',NULL,1,'0000-00-00 00:00:00','0000-00-00 00:00:00'),(2023,361,'CESAR','CARMONA',361,'elplaka@hotmail.com','6941089181',1,1,'CONCORDIA',1,2,10,'**********',NULL,1,'0000-00-00 00:00:00','0000-00-00 00:00:00'),(2023,362,'ALEX','VAQUERO',362,'elplaka@hotmail.com','6941089182',0,0,'-',1,2,6,'**********',NULL,1,'0000-00-00 00:00:00','0000-00-00 00:00:00'),(2023,363,'JONATHAN','SANTOS',363,'elplaka@hotmail.com','6941089183',0,0,'-',2,5,20,'**********',NULL,1,'0000-00-00 00:00:00','0000-00-00 00:00:00'),(2023,364,'GONZALO','REYES',364,'elplaka@hotmail.com','6941089184',0,0,'-',1,2,9,'**********',NULL,1,'0000-00-00 00:00:00','0000-00-00 00:00:00'),(2023,365,'AITOR','PINDADO',365,'elplaka@hotmail.com','6941089185',0,1,'ESCUINAPA',1,2,8,'**********',NULL,1,'0000-00-00 00:00:00','0000-00-00 00:00:00'),(2023,366,'MERARDO','RAMIREZ LIZARRAGA',366,'elplaka@hotmail.com','6941089186',0,0,'GUAYMAS',1,2,2,'**********','01:20:24',1,'0000-00-00 00:00:00','2023-01-11 03:24:26'),(2023,367,'ADRIANA','SANCHEZ',367,'elplaka@hotmail.com','6941089187',1,1,'CONCORDIA',1,1,14,'**********','01:59:42',1,'0000-00-00 00:00:00','2023-01-15 05:02:25'),(2023,368,'JUAN MANUEL','MEDINA',368,'elplaka@hotmail.com','6941089188',0,1,'ESCUINAPA',1,2,2,'**********',NULL,1,'0000-00-00 00:00:00','0000-00-00 00:00:00'),(2023,369,'JOAN','MONTERO',369,'elplaka@hotmail.com','6941089189',0,0,'-',1,2,1,'**********',NULL,1,'0000-00-00 00:00:00','0000-00-00 00:00:00'),(2023,370,'FRANCISCA','RODRIGUEZ',370,'elplaka@hotmail.com','6941089190',0,0,'-',2,4,19,'**********',NULL,1,'0000-00-00 00:00:00','0000-00-00 00:00:00'),(2023,371,'AARON','ORTIZ',371,'elplaka@hotmail.com','6941089191',0,1,'ESCUINAPA',1,2,1,'**********',NULL,1,'0000-00-00 00:00:00','0000-00-00 00:00:00'),(2023,372,'VICTORIA','VELASCO',372,'elplaka@hotmail.com','6941089192',0,0,'-',1,1,11,'**********','01:29:36',1,'0000-00-00 00:00:00','2023-01-15 04:55:32'),(2023,373,'JOSE','SAEZ FUENTES',373,'elplaka@hotmail.com','6941089193',0,0,'-',1,2,8,'**********',NULL,1,'0000-00-00 00:00:00','0000-00-00 00:00:00'),(2023,374,'RAUL','BLANCO ROJAS',374,'elplaka@hotmail.com','6941089194',0,0,'-',1,2,2,'**********',NULL,1,'0000-00-00 00:00:00','2023-01-09 22:47:51'),(2023,375,'ELENA','RUBIO',375,'elplaka@hotmail.com','6941089195',0,1,'CULIACAN',2,4,19,'**********',NULL,1,'0000-00-00 00:00:00','0000-00-00 00:00:00'),(2023,376,'EMILIO','CAMPOS',376,'elplaka@hotmail.com','6941089196',0,0,'-',1,2,8,'**********',NULL,1,'0000-00-00 00:00:00','0000-00-00 00:00:00'),(2023,377,'MARTIN','VEGA',377,'elplaka@hotmail.com','6941089197',0,1,'ESCUINAPA',1,2,2,'**********',NULL,1,'0000-00-00 00:00:00','2023-01-09 22:48:52'),(2023,378,'ENRIQUE','RAMOS',378,'elplaka@hotmail.com','6941089198',0,0,'-',2,5,20,'**********',NULL,1,'0000-00-00 00:00:00','0000-00-00 00:00:00'),(2023,379,'ADRIAN','ORTEGA',379,'elplaka@hotmail.com','6941089199',0,0,'-',2,5,20,'**********',NULL,1,'0000-00-00 00:00:00','0000-00-00 00:00:00'),(2023,380,'ARTURO','GIL',380,'elplaka@hotmail.com','6941089200',0,1,'MAZATLAN',1,2,6,'**********',NULL,1,'0000-00-00 00:00:00','0000-00-00 00:00:00'),(2023,381,'JOSE CARLOS','FERRER',381,'elplaka@hotmail.com','6941089201',0,1,'CULIACAN',1,2,8,'**********',NULL,1,'0000-00-00 00:00:00','0000-00-00 00:00:00'),(2023,382,'MARCO','MARQUEZ',382,'elplaka@hotmail.com','6941089202',0,0,'-',2,5,20,'**********',NULL,1,'0000-00-00 00:00:00','0000-00-00 00:00:00'),(2023,383,'ANDRES','CORTES',383,'elplaka@hotmail.com','6941089203',0,0,'-',1,2,2,'**********',NULL,1,'0000-00-00 00:00:00','0000-00-00 00:00:00'),(2023,384,'ALICIA','CANO',384,'elplaka@hotmail.com','6941089204',0,0,'-',1,1,14,'**********','02:11:32',1,'0000-00-00 00:00:00','2023-01-15 05:02:35'),(2023,385,'ESTEBAN','IDUÑATE ROSAS',385,'elplaka@hotmail.com','6941089205',0,1,'MAZATLAN',1,2,1,'**********','01:28:08',1,'0000-00-00 00:00:00','2023-01-15 05:16:28'),(2023,386,'VICENTE','IGLESIAS',386,'elplaka@hotmail.com','6941089206',0,1,'MAZATLAN',1,2,1,'**********',NULL,1,'0000-00-00 00:00:00','0000-00-00 00:00:00'),(2023,387,'MARTA','RIVERA',387,'elplaka@hotmail.com','6941089207',0,1,'ESCUINAPA',2,4,19,'**********',NULL,1,'0000-00-00 00:00:00','0000-00-00 00:00:00'),(2023,388,'MARIA CRISTINA','DE LA FUENTE',388,'elplaka@hotmail.com','6941089208',0,0,'-',2,4,19,'**********',NULL,1,'0000-00-00 00:00:00','0000-00-00 00:00:00'),(2023,389,'FERNANDO','RAMOS',389,'elplaka@hotmail.com','6941089209',0,1,'CULIACAN',2,5,20,'**********',NULL,1,'0000-00-00 00:00:00','0000-00-00 00:00:00'),(2023,390,'EDUARDO','GUERRERO',390,'elplaka@hotmail.com','6941089210',1,1,'CONCORDIA',2,5,20,'**********',NULL,1,'0000-00-00 00:00:00','0000-00-00 00:00:00'),(2023,391,'SANTIAGO','VILLEGAS',391,'elplaka@hotmail.com','6941089211',0,1,'ESCUINAPA',1,2,6,'**********',NULL,1,'0000-00-00 00:00:00','0000-00-00 00:00:00'),(2023,392,'SARA','SERRANO',392,'elplaka@hotmail.com','6941089212',0,0,'-',1,3,17,'**********','01:54:13',1,'0000-00-00 00:00:00','2023-01-15 05:32:15'),(2023,393,'ENCARNACION','SERRA',393,'elplaka@hotmail.com','6941089213',0,0,'-',2,6,18,'**********',NULL,1,'0000-00-00 00:00:00','0000-00-00 00:00:00'),(2023,394,'DAVID','LOPEZ',394,'elplaka@hotmail.com','6941089214',0,0,'-',1,2,4,'**********','01:49:36',1,'0000-00-00 00:00:00','2023-01-15 05:23:22'),(2023,395,'SANTIAGO','CASTILLO',395,'elplaka@hotmail.com','6941089215',0,0,'-',2,6,18,'**********',NULL,1,'0000-00-00 00:00:00','0000-00-00 00:00:00'),(2023,396,'JOSE IGNACIO','JIMENEZ',396,'elplaka@hotmail.com','6941089216',0,0,'-',2,6,18,'**********',NULL,1,'0000-00-00 00:00:00','0000-00-00 00:00:00'),(2023,397,'FELIPE','NUÑEZ',397,'elplaka@hotmail.com','6941089217',0,0,'-',1,2,3,'**********','01:57:15',1,'0000-00-00 00:00:00','2023-01-15 05:21:17'),(2023,398,'MARTIN JOSE','ARNAIZ KELLY',398,'elplaka@hotmail.com','6941089218',0,0,'CONCORDIA',1,2,3,'**********',NULL,1,'0000-00-00 00:00:00','0000-00-00 00:00:00'),(2023,399,'JUAN JOSE','SUAREZ',399,'elplaka@hotmail.com','6941089219',0,1,'LOS MOCHIS',1,2,9,'**********',NULL,1,'0000-00-00 00:00:00','0000-00-00 00:00:00'),(2023,400,'OSCAR','ALVAREZ',400,'elplaka@hotmail.com','6941089220',0,0,'-',2,6,18,'**********',NULL,1,'0000-00-00 00:00:00','0000-00-00 00:00:00'),(2023,401,'GABRIEL','FLORES',401,'elplaka@hotmail.com','6941089221',0,1,'CULIACAN',1,2,10,'**********',NULL,1,'0000-00-00 00:00:00','0000-00-00 00:00:00'),(2023,402,'JOSEP','ARIAS',402,'elplaka@hotmail.com','6941089222',1,1,'CONCORDIA',1,2,1,'**********',NULL,1,'0000-00-00 00:00:00','0000-00-00 00:00:00'),(2023,403,'DOMINGO','MARTIN',403,'elplaka@hotmail.com','6941089223',0,0,'-',1,2,2,'**********',NULL,1,'0000-00-00 00:00:00','0000-00-00 00:00:00'),(2023,404,'RODRIGO','HERNANDEZ',404,'elplaka@hotmail.com','6941089224',0,0,'-',1,2,3,'**********',NULL,1,'0000-00-00 00:00:00','0000-00-00 00:00:00'),(2023,405,'CRISTOBAL','CARRASCO',405,'elplaka@hotmail.com','6941089225',0,0,'-',2,6,18,'**********',NULL,1,'0000-00-00 00:00:00','0000-00-00 00:00:00'),(2023,409,'JORGE','CRUZ',409,'elplaka@hotmail.com','6941088943',0,0,'TOLUCA',1,2,4,'**********','01:44:19',1,'2022-12-22 23:58:02','2023-01-15 05:23:32'),(2023,410,'MANUEL','JAUREGUI',410,'elplaka@hotmail.com','6941088943',0,0,'TOLUCA',1,2,2,'**********',NULL,1,'2022-12-23 00:00:15','2022-12-23 00:00:15'),(2023,411,'FRANCISCO','MEZA LUGO',411,'elplaka@hotmail.com','6941088943',0,0,'GUANAJUATO',1,2,2,'**********',NULL,1,'2022-12-23 00:10:41','2022-12-23 00:10:41'),(2023,412,'RAYMUNDO','AGUIRRE',412,'elplaka@hotmail.com','6941088943',0,1,'GUASAVE',1,2,2,'**********',NULL,1,'2022-12-23 00:24:15','2022-12-23 00:24:15'),(2023,413,'JULIO','MORALES',413,'elplakasadi@gmail.com','6941088943',0,0,'HOUSTON',1,2,2,'**********',NULL,1,'2022-12-26 23:45:41','2022-12-26 23:45:41'),(2023,414,'ARELY','RODRIGUEZ',414,'elplakasadi@gmail.com','6941088943',0,1,'ELDORADO',1,1,12,'**********',NULL,1,'2022-12-26 23:48:39','2022-12-26 23:48:39'),(2023,415,'KEVIN','ARNOLD',415,'elplakasadi@gmail.com','6941088943',1,1,'CONCORDIA',2,5,20,'**********',NULL,1,'2022-12-26 23:51:40','2022-12-26 23:51:40'),(2023,416,'DIANA','CRUZ',416,'elplakasadi@gmail.com','6941088943',1,1,'CONCORDIA',1,1,12,'**********',NULL,1,'2022-12-26 23:53:47','2022-12-26 23:53:47'),(2023,417,'JUAN','KELLY',417,'elplakasadi@gmail.com','6941088943',0,0,'NAVOLATO',2,5,20,'**********',NULL,1,'2022-12-26 23:59:33','2022-12-26 23:59:33'),(2023,418,'OSWALDO','JARA SOLANO',418,'elplakasadi@gmail.com','6941088943',0,1,'ANGOSTURA',1,2,10,'**********',NULL,1,'2022-12-27 00:04:12','2022-12-27 00:04:12'),(2023,419,'KARIN','LOPEZ NUÑEZ',419,'elplakasadi@gmail.com','6941088943',0,0,'CDMX',1,2,8,'**********',NULL,1,'2022-12-27 00:06:42','2022-12-27 00:06:42'),(2023,420,'ANA MARIA','LOZANO',420,'elplakasadi@gmail.com','6941088943',1,1,'CONCORDIA',2,4,19,'**********',NULL,1,'2022-12-27 00:11:40','2022-12-27 00:11:40'),(2023,452,'MARTIN','ESCUTIA',500,'elplaka@hotmail.com','6941088943',1,1,'CONCORDIA',1,2,2,'cV0d9poHTP',NULL,1,'2022-12-30 04:33:25','2022-12-30 05:17:07'),(2023,453,'RAMIRO','GUTIERREZ JUAREZ',453,'elplaka@hotmail.com','6941088943',1,1,'CONCORDIA',1,2,2,'5DY9svmhij',NULL,1,'2022-12-30 21:42:10','2022-12-30 21:42:10');
/*!40000 ALTER TABLE `participantes` ENABLE KEYS */;
UNLOCK TABLES;

--
-- Table structure for table `password_resets`
--

DROP TABLE IF EXISTS `password_resets`;
/*!40101 SET @saved_cs_client     = @@character_set_client */;
/*!40101 SET character_set_client = utf8 */;
CREATE TABLE `password_resets` (
  `email` varchar(255) COLLATE utf8mb4_unicode_ci NOT NULL,
  `token` varchar(255) COLLATE utf8mb4_unicode_ci NOT NULL,
  `created_at` timestamp NULL DEFAULT NULL,
  KEY `password_resets_email_index` (`email`)
) ENGINE=InnoDB DEFAULT CHARSET=utf8mb4 COLLATE=utf8mb4_unicode_ci;
/*!40101 SET character_set_client = @saved_cs_client */;

--
-- Dumping data for table `password_resets`
--

LOCK TABLES `password_resets` WRITE;
/*!40000 ALTER TABLE `password_resets` DISABLE KEYS */;
/*!40000 ALTER TABLE `password_resets` ENABLE KEYS */;
UNLOCK TABLES;

--
-- Table structure for table `personal_access_tokens`
--

DROP TABLE IF EXISTS `personal_access_tokens`;
/*!40101 SET @saved_cs_client     = @@character_set_client */;
/*!40101 SET character_set_client = utf8 */;
CREATE TABLE `personal_access_tokens` (
  `id` bigint(20) unsigned NOT NULL AUTO_INCREMENT,
  `tokenable_type` varchar(255) COLLATE utf8mb4_unicode_ci NOT NULL,
  `tokenable_id` bigint(20) unsigned NOT NULL,
  `name` varchar(255) COLLATE utf8mb4_unicode_ci NOT NULL,
  `token` varchar(64) COLLATE utf8mb4_unicode_ci NOT NULL,
  `abilities` text COLLATE utf8mb4_unicode_ci DEFAULT NULL,
  `last_used_at` timestamp NULL DEFAULT NULL,
  `expires_at` timestamp NULL DEFAULT NULL,
  `created_at` timestamp NULL DEFAULT NULL,
  `updated_at` timestamp NULL DEFAULT NULL,
  PRIMARY KEY (`id`),
  UNIQUE KEY `personal_access_tokens_token_unique` (`token`),
  KEY `personal_access_tokens_tokenable_type_tokenable_id_index` (`tokenable_type`,`tokenable_id`)
) ENGINE=InnoDB DEFAULT CHARSET=utf8mb4 COLLATE=utf8mb4_unicode_ci;
/*!40101 SET character_set_client = @saved_cs_client */;

--
-- Dumping data for table `personal_access_tokens`
--

LOCK TABLES `personal_access_tokens` WRITE;
/*!40000 ALTER TABLE `personal_access_tokens` DISABLE KEYS */;
/*!40000 ALTER TABLE `personal_access_tokens` ENABLE KEYS */;
UNLOCK TABLES;

--
-- Table structure for table `ramas`
--

DROP TABLE IF EXISTS `ramas`;
/*!40101 SET @saved_cs_client     = @@character_set_client */;
/*!40101 SET character_set_client = utf8 */;
CREATE TABLE `ramas` (
  `id` bigint(20) unsigned NOT NULL AUTO_INCREMENT,
  `id_distancia` bigint(20) NOT NULL,
  `nombre` varchar(30) COLLATE utf8mb4_unicode_ci NOT NULL,
  `created_at` timestamp NULL DEFAULT NULL,
  `updated_at` timestamp NULL DEFAULT NULL,
  PRIMARY KEY (`id`)
) ENGINE=InnoDB AUTO_INCREMENT=7 DEFAULT CHARSET=utf8mb4 COLLATE=utf8mb4_unicode_ci;
/*!40101 SET character_set_client = @saved_cs_client */;

--
-- Dumping data for table `ramas`
--

LOCK TABLES `ramas` WRITE;
/*!40000 ALTER TABLE `ramas` DISABLE KEYS */;
INSERT INTO `ramas` VALUES (1,1,'FEMENIL','2022-12-06 00:29:03','2022-12-06 00:29:03'),(2,1,'VARONIL','2022-12-06 00:29:03','2022-12-06 00:29:03'),(3,1,'MIXTA (S/RUEDAS)','2022-12-06 00:29:37','2022-12-06 00:29:37'),(4,2,'FEMENIL','2022-12-08 16:28:40','2022-12-08 16:28:40'),(5,2,'VARONIL','2022-12-08 16:29:25','2022-12-08 16:29:25'),(6,2,'MIXTA (MULETAS)','2023-01-06 19:23:38','2023-01-06 19:23:38');
/*!40000 ALTER TABLE `ramas` ENABLE KEYS */;
UNLOCK TABLES;

--
-- Table structure for table `users`
--

DROP TABLE IF EXISTS `users`;
/*!40101 SET @saved_cs_client     = @@character_set_client */;
/*!40101 SET character_set_client = utf8 */;
CREATE TABLE `users` (
  `id` bigint(20) unsigned NOT NULL AUTO_INCREMENT,
  `name` varchar(255) COLLATE utf8mb4_unicode_ci NOT NULL,
  `email` varchar(255) COLLATE utf8mb4_unicode_ci NOT NULL,
  `email_verified_at` timestamp NULL DEFAULT NULL,
  `password` varchar(255) COLLATE utf8mb4_unicode_ci NOT NULL,
  `two_factor_secret` text COLLATE utf8mb4_unicode_ci DEFAULT NULL,
  `two_factor_recovery_codes` text COLLATE utf8mb4_unicode_ci DEFAULT NULL,
  `remember_token` varchar(100) COLLATE utf8mb4_unicode_ci DEFAULT NULL,
  `usertype` tinyint(4) NOT NULL,
  `created_at` timestamp NULL DEFAULT NULL,
  `updated_at` timestamp NULL DEFAULT NULL,
  PRIMARY KEY (`id`),
  UNIQUE KEY `users_email_unique` (`email`)
) ENGINE=InnoDB AUTO_INCREMENT=4 DEFAULT CHARSET=utf8mb4 COLLATE=utf8mb4_unicode_ci;
/*!40101 SET character_set_client = @saved_cs_client */;

--
-- Dumping data for table `users`
--

LOCK TABLES `users` WRITE;
/*!40000 ALTER TABLE `users` DISABLE KEYS */;
INSERT INTO `users` VALUES (2,'ANGEL','asd@gmail.com',NULL,'$2y$10$t9.YBHd1d0hQa.LMpbneAexANkXyR2S/sV4JKEkDXWZqN8j.PoaUK',NULL,NULL,NULL,1,'2022-12-03 08:55:03','2022-12-17 04:04:31'),(3,'Esteban','esteban@concordia.gob.mx',NULL,'$2y$10$15Fn1YIVloOQVMDlWNbUAuD14AKm5ZRqbQEO.FNBUWKdwAf./2Up.',NULL,NULL,NULL,2,'2022-12-17 03:53:54','2022-12-17 03:54:56');
/*!40000 ALTER TABLE `users` ENABLE KEYS */;
UNLOCK TABLES;
/*!40103 SET TIME_ZONE=@OLD_TIME_ZONE */;

/*!40101 SET SQL_MODE=@OLD_SQL_MODE */;
/*!40014 SET FOREIGN_KEY_CHECKS=@OLD_FOREIGN_KEY_CHECKS */;
/*!40014 SET UNIQUE_CHECKS=@OLD_UNIQUE_CHECKS */;
/*!40101 SET CHARACTER_SET_CLIENT=@OLD_CHARACTER_SET_CLIENT */;
/*!40101 SET CHARACTER_SET_RESULTS=@OLD_CHARACTER_SET_RESULTS */;
/*!40101 SET COLLATION_CONNECTION=@OLD_COLLATION_CONNECTION */;
/*!40111 SET SQL_NOTES=@OLD_SQL_NOTES */;

-- Dump completed on 2023-05-06 16:19:52
