-- MariaDB dump 10.19  Distrib 10.4.22-MariaDB, for Win64 (AMD64)
--
-- Host: localhost    Database: sed
-- ------------------------------------------------------
-- Server version	10.4.22-MariaDB

/*!40101 SET @OLD_CHARACTER_SET_CLIENT=@@CHARACTER_SET_CLIENT */;
/*!40101 SET @OLD_CHARACTER_SET_RESULTS=@@CHARACTER_SET_RESULTS */;
/*!40101 SET @OLD_COLLATION_CONNECTION=@@COLLATION_CONNECTION */;
/*!40101 SET NAMES utf8mb4 */;
/*!40103 SET @OLD_TIME_ZONE=@@TIME_ZONE */;
/*!40103 SET TIME_ZONE='+00:00' */;
/*!40014 SET @OLD_UNIQUE_CHECKS=@@UNIQUE_CHECKS, UNIQUE_CHECKS=0 */;
/*!40014 SET @OLD_FOREIGN_KEY_CHECKS=@@FOREIGN_KEY_CHECKS, FOREIGN_KEY_CHECKS=0 */;
/*!40101 SET @OLD_SQL_MODE=@@SQL_MODE, SQL_MODE='NO_AUTO_VALUE_ON_ZERO' */;
/*!40111 SET @OLD_SQL_NOTES=@@SQL_NOTES, SQL_NOTES=0 */;

--
-- Table structure for table `areas`
--

DROP TABLE IF EXISTS `areas`;
/*!40101 SET @saved_cs_client     = @@character_set_client */;
/*!40101 SET character_set_client = utf8 */;
CREATE TABLE `areas` (
  `cve_area` int(10) unsigned NOT NULL AUTO_INCREMENT,
  `area` varchar(255) COLLATE utf8mb4_unicode_ci NOT NULL,
  `responsable` varchar(45) COLLATE utf8mb4_unicode_ci NOT NULL,
  `created_at` timestamp NULL DEFAULT NULL,
  `updated_at` timestamp NULL DEFAULT NULL,
  PRIMARY KEY (`cve_area`)
) ENGINE=InnoDB AUTO_INCREMENT=27 DEFAULT CHARSET=utf8mb4 COLLATE=utf8mb4_unicode_ci;
/*!40101 SET character_set_client = @saved_cs_client */;

--
-- Dumping data for table `areas`
--

LOCK TABLES `areas` WRITE;
/*!40000 ALTER TABLE `areas` DISABLE KEYS */;
INSERT INTO `areas` VALUES (1,'CENTRO DE ARTES Y OFICIOS','JUAN ANDRES DIAZ ULLOA','2022-06-10 20:20:25','2022-06-10 20:20:25'),(2,'DESARROLLO SOCIAL','CESAR ARMANDO TIRADO AGUIRRE','2022-06-10 20:22:30','2022-06-10 20:22:30'),(3,'DEPORTES','ESTEBAN EDUARDO LOPEZ BELTRAN','2022-06-10 20:22:51','2022-06-10 20:22:51'),(4,'PRESIDENCIA','RAUL DIAZ BERNAL','2022-06-10 20:23:05','2022-06-10 20:23:05'),(5,'OBRAS PÚBLICAS','MIGUEL ANGEL MORENO RIOS','2022-06-10 20:23:21','2022-06-10 20:23:21'),(6,'SERVICIOS PÚBLICOS','FRANCISCO JAVIER RODRIGUEZ PANDELI','2022-06-10 20:23:39','2022-06-10 20:23:39'),(7,'SEGURIDAD PÚBLICA','LUIS MORAN RODRIGUEZ','2022-06-10 20:24:00','2022-06-10 20:24:00'),(8,'SECRETARÍA DEL AYUNTAMIENTO','REBECA VELARDE DIAZ','2022-06-10 20:24:18','2022-06-10 20:24:41'),(9,'OFICIALÍA MAYOR','OSCAR ZAMUDIO PEREZ','2022-06-10 20:25:26','2022-06-10 20:25:26'),(10,'DESARROLLO RURAL','JUAN CARLOS SANTOS RODRIGUEZ','2022-06-10 20:25:41','2022-06-10 20:25:41'),(11,'TRANSPARENCIA Y ACCESO A LA INF.','ANTONIO GARZON MORFIN','2022-06-10 20:25:57','2022-06-10 20:25:57'),(12,'ECOLOGÍA','JOSE EMMANUEL ARIAS PALACIOS','2022-06-10 20:26:10','2022-06-10 20:26:10'),(13,'EDUCACIÓN','MARIA DEL CARMEN REYES TISNADO','2022-06-10 20:26:28','2022-06-10 20:26:28'),(14,'COMMUJER','MAXIMILIANA LIZETH OCHOA OSUNA','2022-06-10 20:27:34','2022-06-10 20:27:34'),(15,'SÍNDICO PROCURADOR','CARMEN ALICIA PIÑA SANCHEZ','2022-06-10 20:27:56','2022-06-10 20:27:56'),(16,'ÓRGANO INTERNO DE CONTROL','SILVIA ELENA CANIZALES VIZCARRA','2022-06-10 20:28:49','2022-06-10 20:28:49'),(17,'TESORERIA','DIANA LUZ VALDEZ PERAZA','2022-06-10 20:29:02','2022-06-10 20:29:02'),(18,'ARCHIVO Y CRÓNICA','RIGOBERTO BRITO OSUNA','2022-06-10 20:29:24','2022-06-10 20:29:24'),(19,'DESARROLLO ECONÓMICO','ISAAC MIJAEL GUERRA VEGA','2022-06-10 20:30:50','2022-06-10 20:30:50'),(20,'REGIDORES','-','2022-06-10 20:31:41','2022-06-10 20:31:41'),(21,'COMUNICACIÓN SOCIAL','EMMANUEL ALEJANDRO RODRIGUEZ MACIAS','2022-06-10 20:32:10','2022-06-10 20:32:10'),(22,'TURISMO','RICARDO VIZCARRA LIZARRAGA','2022-06-10 20:33:02','2022-06-10 20:33:02'),(23,'RECURSOS HUMANOS','RAFAEL MENDOZA TIZNADO','2022-06-10 20:33:45','2022-06-10 20:33:45'),(24,'JUVENTUD','PAUL SILVA GARZON','2022-06-10 20:34:00','2022-06-10 20:34:00'),(25,'TECNOLOGÍAS DE LA INFORMACIÓN','ANGEL SANCHEZ DIAZ','2022-06-10 20:34:09','2022-06-10 20:34:09'),(26,'SÍNDICOS Y COMISARIOS','1','2022-04-14 18:01:52','2023-04-20 21:03:28');
/*!40000 ALTER TABLE `areas` ENABLE KEYS */;
UNLOCK TABLES;

--
-- Table structure for table `dias_descanso`
--

DROP TABLE IF EXISTS `dias_descanso`;
/*!40101 SET @saved_cs_client     = @@character_set_client */;
/*!40101 SET character_set_client = utf8 */;
CREATE TABLE `dias_descanso` (
  `dia` date NOT NULL,
  `fijo` tinyint(1) NOT NULL,
  `stasac` tinyint(1) NOT NULL,
  `descripcion` varchar(60) COLLATE utf8mb4_unicode_ci NOT NULL,
  `entre_semana` tinyint(1) NOT NULL,
  `created_at` timestamp NULL DEFAULT NULL,
  `updated_at` timestamp NULL DEFAULT NULL,
  UNIQUE KEY `dia_unique` (`dia`,`stasac`)
) ENGINE=InnoDB DEFAULT CHARSET=utf8mb4 COLLATE=utf8mb4_unicode_ci;
/*!40101 SET character_set_client = @saved_cs_client */;

--
-- Dumping data for table `dias_descanso`
--

LOCK TABLES `dias_descanso` WRITE;
/*!40000 ALTER TABLE `dias_descanso` DISABLE KEYS */;
INSERT INTO `dias_descanso` VALUES ('2022-01-01',1,0,'Año nuevo',0,'2022-06-10 19:57:41','2022-06-10 19:57:41'),('2022-01-01',1,1,'Año nuevo',0,'2022-06-10 19:57:41','2022-06-10 19:57:41'),('2022-01-20',1,1,'Día de San Sebastián',1,'2022-06-10 19:57:41','2022-06-10 19:57:41'),('2022-02-07',0,0,'Constitución mexicana',1,'2022-06-10 19:57:41','2022-06-10 19:57:41'),('2022-02-07',0,1,'Constitución mexicana',1,'2022-06-10 19:57:41','2022-06-10 19:57:41'),('2022-03-11',1,1,'Aniversario del STASAC',1,'2022-06-10 19:57:41','2022-06-10 19:57:41'),('2022-03-21',0,0,'Natalicio de Benito Juárez',1,'2022-06-10 19:57:41','2022-06-10 19:57:41'),('2022-03-21',0,1,'Natalicio de Benito Juárez',1,'2022-06-10 19:57:41','2022-06-10 19:57:41'),('2022-04-11',0,1,'Lunes Santo',1,'2022-06-10 19:57:41','2022-06-10 19:57:41'),('2022-04-12',0,1,'Martes Santo',1,'2022-06-10 19:57:41','2022-06-10 19:57:41'),('2022-04-13',0,1,'Miercoles Santo',1,'2022-06-10 19:57:41','2022-06-10 19:57:41'),('2022-04-14',0,0,'Jueves Santo',1,'2022-06-10 19:57:41','2022-06-10 19:57:41'),('2022-04-14',0,1,'Jueves Santo',1,'2022-06-10 19:57:41','2022-06-10 19:57:41'),('2022-04-15',0,0,'Viernes Santo',1,'2022-06-10 19:57:41','2022-06-10 19:57:41'),('2022-04-15',0,1,'Viernes Santo',1,'2022-06-10 19:57:41','2022-06-10 19:57:41'),('2022-05-01',1,0,'Día del trabajo',0,'2022-06-10 19:57:41','2022-06-10 19:57:41'),('2022-05-01',1,1,'Día del trabajo',0,'2022-06-10 19:57:41','2022-06-10 19:57:41'),('2022-05-05',1,1,'Batalla de Puebla',1,'2022-06-10 19:57:41','2022-06-10 19:57:41'),('2022-05-10',1,1,'Día de las Madres',1,'2022-06-10 19:57:41','2022-06-10 19:57:41'),('2022-09-16',1,0,'Independencia de México',1,'2022-06-10 19:57:41','2022-06-10 19:57:41'),('2022-09-16',1,1,'Independencia de México',1,'2022-06-10 19:57:41','2022-06-10 19:57:41'),('2022-10-12',1,1,'Día de la Raza',1,'2022-06-10 19:57:41','2022-06-10 19:57:41'),('2022-11-02',1,0,'Día de Muertos',1,'2022-06-10 19:57:41','2022-06-10 19:57:41'),('2022-11-02',1,1,'Día de Muertos',1,'2022-06-10 19:57:41','2022-06-10 19:57:41'),('2022-11-21',0,0,'Revolución Mexicana',1,'2022-06-10 19:57:41','2022-06-10 19:57:41'),('2022-11-21',0,1,'Revolución Mexicana',1,'2022-06-10 19:57:41','2022-06-10 19:57:41'),('2022-12-12',1,1,'Virgen de Guadalupe',1,'2022-06-10 19:57:41','2022-06-10 19:57:41'),('2022-12-25',1,0,'Navidad',0,'2022-06-10 19:57:41','2022-06-10 19:57:41'),('2022-12-25',1,1,'Navidad',0,'2022-06-10 19:57:41','2022-06-10 19:57:41');
/*!40000 ALTER TABLE `dias_descanso` ENABLE KEYS */;
UNLOCK TABLES;

--
-- Table structure for table `dias_vacaciones`
--

DROP TABLE IF EXISTS `dias_vacaciones`;
/*!40101 SET @saved_cs_client     = @@character_set_client */;
/*!40101 SET character_set_client = utf8 */;
CREATE TABLE `dias_vacaciones` (
  `antiguedad` int(11) NOT NULL,
  `stasac` tinyint(1) NOT NULL,
  `ingreso_despues_2014` tinyint(1) NOT NULL,
  `dias_habiles` int(11) NOT NULL,
  PRIMARY KEY (`antiguedad`,`stasac`,`ingreso_despues_2014`)
) ENGINE=InnoDB DEFAULT CHARSET=utf8mb4;
/*!40101 SET character_set_client = @saved_cs_client */;

--
-- Dumping data for table `dias_vacaciones`
--

LOCK TABLES `dias_vacaciones` WRITE;
/*!40000 ALTER TABLE `dias_vacaciones` DISABLE KEYS */;
INSERT INTO `dias_vacaciones` VALUES (1,0,0,8),(1,0,1,6),(1,1,0,14),(2,0,0,10),(2,0,1,8),(2,1,0,16),(3,0,0,12),(3,0,1,10),(3,1,0,18),(4,0,0,14),(4,0,1,12),(4,1,0,20),(5,0,0,18),(5,0,1,14),(5,1,0,24),(6,0,0,18),(6,0,1,14),(6,1,0,24),(7,0,0,18),(7,0,1,14),(7,1,0,24),(8,0,0,18),(8,0,1,14),(8,1,0,24),(9,0,0,18),(9,0,1,14),(9,1,0,24),(10,0,0,20),(10,0,1,16),(10,1,0,26),(11,0,0,20),(11,0,1,16),(11,1,0,26),(12,0,0,20),(12,0,1,16),(12,1,0,26),(13,0,0,20),(13,0,1,16),(13,1,0,26),(14,0,0,20),(14,0,1,16),(14,1,0,26),(15,0,0,22),(15,0,1,18),(15,1,0,28),(16,0,0,22),(16,0,1,18),(16,1,0,28),(17,0,0,22),(17,0,1,18),(17,1,0,28),(18,0,0,22),(18,0,1,18),(18,1,0,28),(19,0,0,22),(19,0,1,18),(19,1,0,28),(20,0,0,24),(20,0,1,20),(20,1,0,30),(21,0,0,24),(21,0,1,20),(21,1,0,30),(22,0,0,24),(22,0,1,20),(22,1,0,30),(23,0,0,24),(23,0,1,20),(23,1,0,30),(24,0,0,24),(24,0,1,20),(24,1,0,30),(25,0,0,26),(25,1,0,32);
/*!40000 ALTER TABLE `dias_vacaciones` ENABLE KEYS */;
UNLOCK TABLES;

--
-- Table structure for table `empleados`
--

DROP TABLE IF EXISTS `empleados`;
/*!40101 SET @saved_cs_client     = @@character_set_client */;
/*!40101 SET character_set_client = utf8 */;
CREATE TABLE `empleados` (
  `cve_empleado` int(10) unsigned NOT NULL AUTO_INCREMENT,
  `nombre` varchar(255) COLLATE utf8mb4_unicode_ci NOT NULL,
  `primer_apellido` varchar(255) COLLATE utf8mb4_unicode_ci NOT NULL,
  `segundo_apellido` varchar(255) COLLATE utf8mb4_unicode_ci NOT NULL,
  `curp` varchar(255) COLLATE utf8mb4_unicode_ci NOT NULL,
  `rfc` varchar(255) COLLATE utf8mb4_unicode_ci NOT NULL,
  `fecha_ingreso` date NOT NULL,
  `fecha_alta_issste` date NOT NULL,
  `cve_area` int(10) unsigned NOT NULL,
  `created_at` timestamp NULL DEFAULT NULL,
  `updated_at` timestamp NULL DEFAULT NULL,
  `domicilio` varchar(75) COLLATE utf8mb4_unicode_ci NOT NULL,
  `status` char(1) COLLATE utf8mb4_unicode_ci NOT NULL,
  `stasac` tinyint(1) NOT NULL,
  PRIMARY KEY (`cve_empleado`),
  KEY `empleados_cve_area_foreign` (`cve_area`),
  CONSTRAINT `empleados_cve_area_foreign` FOREIGN KEY (`cve_area`) REFERENCES `areas` (`cve_area`)
) ENGINE=InnoDB AUTO_INCREMENT=426 DEFAULT CHARSET=utf8mb4 COLLATE=utf8mb4_unicode_ci;
/*!40101 SET character_set_client = @saved_cs_client */;

--
-- Dumping data for table `empleados`
--

LOCK TABLES `empleados` WRITE;
/*!40000 ALTER TABLE `empleados` DISABLE KEYS */;
INSERT INTO `empleados` VALUES (2,'ANGELICA MARIA','MARTINEZ','HERNANDEZ','MAHJ280603MSPRRV08','MAHJ280600','1998-02-01','2023-02-01',6,'2022-06-10 20:35:22','2023-04-26 17:19:00','CONCORDIA, SINALOA, MEXICO','3',1),(3,'ISMAEL','RODRIGUEZ','VAZQUEZ','ROVI490617HSPDSS05','ROVI490617','2005-01-01','2005-01-01',12,'2022-06-10 23:09:53','2022-06-10 23:09:53','CONCORDIA, SINALOA','1',0),(6,'GABRIEL','ALCARAZ','CAMACHO','AACG600124HSLLMB06','AACG600124','2021-05-17','2021-05-17',6,'2022-04-29 00:58:50','2022-04-29 21:33:15','CONOCIDO, MALPICA S/N CONCORDIA, SINALOA','1',0),(7,'MIRIAM LOURDES','ALCARAZ','CASTAÑEDA','AACM740411MSLLSR05','AACM740411','1998-01-13','1998-10-07',13,'2022-04-29 01:02:12','2022-04-29 21:33:47','CONOCIDO, AGUACALIENTE DE GARATE S/N CONCORDIA, SINALOA','1',1),(8,'OMAR','AGUILAR','LOPEZ','AULO811016HSLGPM06','AULO811016','2008-01-01','2017-01-12',3,'2022-04-29 01:13:55','2022-04-29 21:34:22','CARRT. A TEPUXTA S/N CONCORDIA, SINALOA','1',0),(9,'NATHALY','ALVAREZ','LIZARRAGA','AALN010523MSLLZTA0','AALN010523','2020-11-17','2020-11-17',22,'2022-04-29 01:20:21','2022-04-29 21:34:44','CALLE BUGAMBILIA #1. FRACC. LOMA LINDA CONCORDIA, SINALOA','1',1),(10,'INGRID SARAHI','ALVAREZ','OSUNA','AAOI980616MSLLSN05','AAOI980616KA6','2021-11-01','2021-11-01',7,'2022-04-29 01:40:27','2022-04-29 21:35:16','CONOCIDO, MALPICA S/N CONCORDIA, SINALOA','1',0),(11,'ISELA GUADALUPE','ALVAREZ','LOPEZ','AALI741222MSLLPS01','AALI741222RZ8','2018-11-12','2019-01-01',3,'2022-04-29 02:53:32','2022-04-29 02:53:32','CONCORDIA, SINALOA\r\n  ANGEL FLORES #71','1',0),(12,'ARNOLDO','ARAGON','QUIÑONEZ','AAQA660828HSLRXR01','AAQA660828','2017-05-01','2017-05-01',26,'2022-04-29 02:56:53','2022-04-29 21:35:36','CONOCIDO, POTRERILLOS S/N CONCORDIA, SINALOA','1',0),(13,'CESAR ARMANDO','AROCHE','TIRADO','AOTC790317HSLRRS00','AOTC7903172A8','2021-11-01','1900-01-01',20,'2022-04-29 20:54:31','2022-04-29 21:35:54','COL. DE LA ESTRELLA #20 CONCORDIA, SINALOA','1',0),(14,'SONIA YANETH','ARAGON','ORTIZ','AAOS780626MSLRRN07','AAOS780626','2019-04-01','2019-04-01',26,'2022-04-29 20:57:28','2022-04-29 21:36:18','CONOCIDO, LA MEZA DEL CARRIZAL S/N  CONCORDIA, SINALOA','1',0),(15,'JOSE LUIS','AGUIRRE','AGUILAR','AUAL680104HSLGGS07','AUAL680104','2017-05-01','2017-05-01',26,'2022-04-29 20:59:27','2022-04-29 21:36:35','CONOCIDO, COPALA S/N CONCORDIA, SINALOA','1',0),(16,'IGNACIO','ARCE','CORONADO','AECI710201HSLRRG03','AECI710201','2017-05-01','2017-05-01',26,'2022-04-29 21:00:51','2022-04-29 21:36:53','CONOCIDO, TEPUXTA S/N CONCORDIA, SINALOA','1',0),(17,'GILBERTO','ALCARAZ','PARENTE','AAPG730501HSLLRL08','AAPG730501','2019-04-01','2019-04-01',26,'2022-04-29 21:02:49','2022-04-29 21:37:09','CONOCIDO, LA PASTORIA S/N CONCORDIA, SINALOA','1',0),(18,'JOSE GUADALUPE','BRITO','GARZON','BIGG531008HSLRRD01','BIGG531008','2004-12-01','2004-12-15',6,'2022-04-29 22:03:30','2022-04-29 22:03:30','JAVIER MINA S/N, CONCORDIA, SIN','1',0),(19,'LEOCADIO','BRITO','LOAIZA','BILL521019HSLRZC01','BILL521019K26','2021-11-01','2021-11-01',5,'2022-04-29 22:05:40','2022-04-29 22:05:40','CONOCIDO, ZAVALA S/N, CONCORDIA, SINALOA','1',0),(20,'AURELIO','BELTRAN','GRANADOS','BEGA600925HSLLRR04','BEGA600925RV7','2019-01-01','2019-01-01',6,'2022-04-29 22:07:54','2022-04-29 22:07:54','ISIDORO PERAZA #59, CONCORDIA, SINALOA','1',0),(21,'GABRIEL','BALDENEGRO','GUERRERO','BAGG640716HSLLRB04','BAGG640716','2008-01-25','2001-06-26',6,'2022-04-29 22:11:32','2022-04-29 22:11:32','CONOCIDO, MESILLAS S/N CONCORDIA, SINALOA','1',1),(22,'JUAN DE DIOS','BURGUEÑO','HERNANDEZ','BUHJ610308HSLRRN00','BUHJ610308','2000-09-16','2000-09-16',6,'2022-04-29 22:14:57','2022-04-29 22:14:57','FCO. JAVIER MINA S/N CONCORDIA, SINALOA','1',1),(23,'CLEOFAS','BOJORQUEZ','PEINADO','BOPC621130MSLJNL03','BOPC621130','2000-05-01','2002-05-16',6,'2022-04-29 22:33:39','2022-04-29 22:33:39','CONOCIDO, MALPICA S/N CONCORDIA, SINALOA','1',1),(24,'JESUS EMILIO','BRITO','HUITRON','BIHJ761113HSLRTS01','BIHJ761113','1999-01-01','2003-03-18',3,'2022-04-29 22:44:28','2022-04-29 22:44:28','JOSEFA ORTIZ DE DOMINGUEZ S/N CONCORDIA, SINALOA','1',1),(25,'JUAN CARLOS','BRITO','CANIZALES','BICJ580917HSLRNN07','BICJ580917','2005-01-01','2008-01-16',6,'2022-04-29 22:47:00','2023-01-13 20:06:07','DONATO GUERRA #45 CONCORDIA, SINALOA','1',0),(26,'SEBASTIAN','BRITO','PASOS','BIPS601027HSLRSD10','BIPS601027','2014-01-01','2014-01-01',6,'2022-04-29 22:50:04','2022-04-29 22:50:04','CARRT. MAZATLAN-DURANGO S/N CONCORDIA, SINALOA','1',0),(27,'LILIANA','BRITO','HUITRON','BIHL811006MSLRTL00','BIHL8110068V2','2018-11-01','2014-01-01',6,'2022-04-29 22:57:17','2022-04-29 22:57:17','JOSEFA ORTIZ DE DOMINGUEZ S/N CONCORDIA, SINALOA','1',1),(28,'JOSE CARLOS','BERNAL','GASPAR','BEGC561029HSLRSR02','BEGC561029','2002-01-01','2014-01-01',3,'2022-04-29 23:03:44','2022-04-29 23:03:44','ANGEL FLORES #52 CONCORDIA, SINALOA','1',0),(29,'CLAUDIA','BERNAL','CAMACHO','BECC800902MSLRML07','BECC800902','2008-01-01','2008-01-02',8,'2022-04-29 23:05:18','2022-07-20 17:27:43','PROL. DONATO GUERRA S/N CONCORDIA, SINALOA','1',0),(30,'SALVADOR','BALDERAS','LIZARRAGA','BALS511009HSLLZL08','BALS511009','2017-05-01','2017-05-01',26,'2022-04-29 23:06:46','2022-04-29 23:06:46','CONOCIDO, EL HUAJOTE S/N CONCORDIA, SINALOA','1',0),(31,'LUIS FERNANDO','BARRON','VIZCARRA','BAVL800530HSLRZS02','BAVL800530','2021-11-01','1900-01-01',3,'2022-04-30 00:25:12','2022-04-30 00:25:12','CONOCIDO, AGUACALIENTE DE GARATE S/N CONCORDIA, SINALOA','1',0),(32,'ALEJANDRO','BRITO','CANIZALEZ','BICA680616HSLRNL06','BICA680616','2022-01-01','2017-06-17',6,'2022-04-30 00:46:02','2022-04-30 00:46:02','ANGEL FLORES #45 CONCORDIA, SINALOA','1',0),(33,'JULIO CESAR','BRITO','OSUNA','BIOJ881107HSLRSL05','BIOJ881107','2018-01-02','2018-04-02',6,'2022-04-30 00:49:14','2022-04-30 00:49:14','FCO. JAVIER MINA S/N CONCORDIA, SINALOA','1',0),(34,'ANGELICA','BELTRAN','GONZALEZ','BEGA660402MJCLNN07','BEGA6604023FA','2018-11-01','2019-03-01',6,'2022-04-30 00:53:18','2022-04-30 00:53:18','COL. EL PUENTITO S/N CONCORDIA, SINALOA','1',0),(35,'JOSE ANTONIO','BERNAL','GASPAR','BEGA630119HSLRSN06','BEGA630119','2014-01-02','2014-01-02',6,'2022-04-30 00:58:10','2022-04-30 00:58:10','ANGEL FLORES #59 CONCORDIA, SINALOA','1',0),(36,'ARMANDO','BELTRAN','LIZARRAGA','BELA650411HSLLZR08','BELA650411','2004-12-16','2005-02-01',6,'2022-04-30 01:03:11','2022-04-30 01:03:11','CONOCIDO, ZAVALA S/N CONCORDIA, SINALOA','1',1),(37,'CESAR OSVALDO','CASTILLO','PACHECO','CAPC750907HSLSCS08','CAPC750907','2014-01-01','2014-01-01',6,'2022-04-30 01:51:10','2022-04-30 01:51:10','ISIDORO PERAZA #80 CONCORDIA, SINALOA','1',1),(38,'JULIO CESAR','CASTILLO','OSUNA','CAOJ880228HSLSSL00','CAOJ880228','2017-01-01','2017-01-02',6,'2022-04-30 02:31:31','2022-04-30 02:31:31','ENCARNACION VDA DE VALDEZ #23 CONCORDIA, SINALOA','1',1),(39,'JESUS GUSTAVO','CASTILLO','PACHECO','CAPJ721112HSLSCS03','CAPJ721112','1998-02-01','1998-02-01',5,'2022-04-30 02:33:10','2022-04-30 02:33:10','ISIDORO PERAZA #80 CONCORDIA, SINALOA','1',1),(40,'CARLOS DANIEL','CASTELLANOS','GARZON','CAGC000117HSLSRRA8','CAGC000117','2021-04-01','2021-04-01',1,'2022-04-30 02:48:07','2022-04-30 02:48:07','ISIDORO PERAZA CONCORDIA, SINALOA','1',0),(41,'RAQUEL','CASTELLANOS','VELARDE','CAVR750909MSLSLQ04','CAVR750909','2019-10-16','2019-10-18',1,'2022-04-30 03:02:23','2022-04-30 03:02:23','ISIDORO PERAZA #71 CONCORDIA, SINALOA','1',0),(42,'MIGUEL ANGEL','CANIZALES','QUINTERO','CAQM580929HSLNNG08','CAQM580929JF0','2005-01-01','2009-01-01',6,'2022-05-02 22:27:34','2022-05-02 22:27:34','COL. EMILIANO ZAPATA S/N CONCORDIA, SINALOA','1',0),(43,'NESTOR ALONSO','CAMACHO','ALVAREZ','CAAN780723HSLMLS07','CAAN780723E84','2021-01-01','1900-01-01',20,'2022-05-03 01:02:05','2022-05-03 01:02:05','CONOCIDO AGUACALIENTE DE GARATE S/N CONCORDIA, SINALOA','1',0),(44,'MARTHA GUADALUPE','CAMACHO','PERAZA','CAPM961212MSLMRR01','CAPM961212','2018-08-16','2018-08-16',10,'2022-05-03 01:13:15','2022-05-03 01:13:15','CJON. ESTADIO S/N CONCORDIA, SINALOA','1',1),(45,'ANDREA','CRUZ','DELGADO','CUDA751002MSLRLN08','CUDA751002','1996-01-01','1996-06-14',2,'2022-05-03 01:19:37','2022-05-03 01:19:37','CARRT. MAZATLAN-DURANGO S/N CONCORDIA, SINALOA','1',1),(46,'MARTIN ALEJANDRO','CUEVAS','RAYGOZA','CURM610407HJCVYR00','CURM610407','2008-01-01','2008-07-14',1,'2022-05-03 01:32:43','2022-05-03 01:32:43','COL. EL PUENTITO S/N CONCORDIA, SINALOA','1',1),(47,'ISABEL CRISTINA','CHAVEZ','ESPINOZA','CAEI730830MSLHSS02','CAEI730830','1997-06-16','1997-06-16',8,'2022-05-03 01:46:14','2022-05-03 01:46:14','CONCORDIA, SINALOA','1',1),(48,'MARIA DEL CARMEN','CAMACHO','SILVA','CASC660116MSLMLR00','CASC660116','2012-01-01','2012-03-01',17,'2022-05-03 01:50:29','2022-05-03 01:50:29','CONOCIDO, MALPICA S/N CONCORDIA, SINALOA','1',0),(49,'PABLO','ALCARAZ','CAMACHO','CAAP480618HSLMLB04','CAAP480618','2017-05-01','2017-05-01',26,'2022-05-03 01:53:10','2022-05-03 01:53:10','CONOCIDO, MALPICA S/N CONCORDIA, SINALOA','1',0),(50,'NAYELI GUADALUPE','CAÑEDO','QUINTEROS','CAQN860525MSLXNY05','CAQN860525EZ3','2021-11-01','2021-11-01',14,'2022-05-03 01:55:21','2022-11-09 17:22:51','CJON. LAZARO CARDENAS S/N CONCORDIA, SINALOA','1',0),(51,'ELVIRA EMILIA','CAÑEDO','SALAZAR','CASE720229MSLXLL01','CASE720229SX7','2021-11-01','2021-11-01',20,'2022-05-03 01:57:00','2022-05-03 01:57:00','IGNACIO ZARAGOZA S/N CONCORDIA, SINALOA','1',0),(52,'DORA LUZ','CALDERON','LEYVA','CALD820222MDGLYR03','CALD820222','2019-04-01','2019-04-01',26,'2022-05-03 02:03:49','2022-05-03 02:03:49','CONOCIDO, EL MAGISTRAL S/N CONCORDIA, SINALOA','1',0),(53,'LEOCADIO','CANIZALEZ','GARCIA','CAGL431209HSLNRC05','CAGL431209','2011-02-15','2011-01-01',6,'2022-05-03 02:19:26','2022-05-03 02:19:26','JOSEFA ORTIZ DE DOMINGUEZ #38 CONCORDIA, SINALOA','1',0),(54,'JOAQUIN','CHAVEZ','GARZON','CAGJ590904HSLHRQ08','CAGJ590904','2008-01-07','2008-01-16',6,'2022-05-03 02:27:27','2022-05-03 02:27:27','ANGEL FLORES #7 CONCORDIA, SINALOA','1',0),(55,'JUAN DE DIOS','CHAVEZ','LOPEZ','CALJ901023HSLHPN05','CALJ901023R6A','2020-08-17','2020-08-17',4,'2022-05-03 02:32:39','2022-05-03 02:32:39','BENITO JUAREZ S/N CONCORDIA, SINALOA','1',1),(56,'JESUS SANTANA','CORONADO','TIRADO','COTJ590726HSLRRS02','COTJ590726','1999-11-25','2003-05-12',6,'2022-05-03 02:36:40','2022-05-03 02:36:40','MORELOS S/N CONCORDIA, SINALOA','1',1),(57,'JORGE LUIS','CHIQUETE','RODRIGUEZ','CIRJ991111HSLHDR04','CIRJ991111','2020-02-19','2020-02-19',6,'2022-05-03 02:41:16','2022-05-03 02:41:16','CARRET. A DURANGO S/N CONCORDIA, SINALOA','1',0),(58,'JAEL','DIAZ','PIÑA','DIPJ791128MSLZXL05','DIPJ791128','2014-01-01','2014-01-01',6,'2022-05-04 23:16:08','2022-05-04 23:16:08','COL. SAN SEBASTIAN CONCORDIA, SINALOA','1',1),(59,'JESUS ROSENDO','DIAZ','VALDEZ','DIVJ901129HSLZLS07','DIVJ901129388','2018-11-01','2019-01-01',12,'2022-05-04 23:22:41','2022-05-04 23:22:41','PROLONGACION DONATO GUERRA CONCORDIA, SINALOA','1',0),(60,'RAUL','DIAZ','BERNAL','DIBR640213HSLZRL09','DIBR640213CY5','2021-01-01','2021-11-01',4,'2022-05-04 23:24:52','2022-05-04 23:24:52','VENUSTIANO CARRANZA #65 CONCORDIA, SINALOA','1',0),(61,'JUAN ANDRES','DIAZ','ULLOA','DIUJ750321HSLZLN06','DIUJ750321S49','2021-11-01','2021-11-01',1,'2022-05-04 23:27:05','2022-05-04 23:27:05','FRANCISCI DE IBARRA #28, CONCORDIA, SINALOA','1',0),(62,'MARIA DEL CARMEN','DIAZ','VAQUEREÑO','DIVC540704MSLZQR06','DIVC540704','2008-03-01','2008-03-01',6,'2022-05-04 23:41:10','2022-05-04 23:41:10','ANTONIO ROSALES #51, CONCORDIA, SINALOA','1',0),(63,'JESUS MANUEL','DIAZ','DIAZ','DIDJ721028HSLZZS03','DIDJ721028','2008-01-23','2008-01-23',6,'2022-05-04 23:47:01','2022-05-19 20:53:55','COL. EL PUENTITO CONCORDIA, SINALOA','1',1),(64,'IGNACIO','DIAZ','ZATARAIN','DIZI550201HSLZTG05','DIZI550201','2017-01-01','2019-05-15',6,'2022-05-04 23:50:02','2022-05-04 23:50:02','DONATO GUERRA S/N, CONCORDIA, SINALOA','1',0),(65,'DORA ALICIA','DIAZ','CAÑEDO','DICD901125MSLZXR04','DICD901125QX4','2018-03-07','2018-03-07',3,'2022-05-04 23:52:45','2022-11-11 17:44:42','FCO DE IBARRA CONCORDIA, SINALOA','1',0),(66,'FELICITAS','DIAZ','MONROY','DIMF631120MSLZNL07','DIMF631120','2021-01-01','1900-01-01',20,'2022-05-04 23:54:00','2022-05-04 23:54:00','CONCORDIA, SINALOA','1',0),(67,'NIDIA ORALIA','DIAZ','HERNANDEZ','DIHN810827MSLZRD01','DIHN810827GS4','2021-11-01','2021-11-01',4,'2022-05-04 23:58:49','2022-05-04 23:58:49','ANTONIO ROSALES S/N CONCORDIA, SINALOA','1',0),(68,'HANNIA GUADALUPE','DURAN','LUNA','DULH991117MSLRNN03','DULH991117','2018-08-16','2018-08-16',7,'2022-05-05 00:01:57','2022-05-05 00:01:57','CARRET. CONCORDIA- DURANGO #4 CONCORDIA, SINALOA','1',1),(69,'ALMA YOLANDA','DURAN','TORRES','DUTA830603MSLRRL05','DUTA830603U7A','2021-11-01','2021-11-01',6,'2022-05-05 00:10:48','2022-05-05 00:10:48','CONOCIDO, COPALA, CONCORDIA, SINALOA','1',0),(70,'JUAN CARLOS','DIAZ','IÑIGUEZ','DIIJ760606HSLZXN01','DIIJ760606','2000-05-12','1999-10-16',5,'2022-05-05 00:16:48','2022-05-05 00:16:48','FCO DE IBARRA S/N CONCORDIA, SINALOA','1',1),(71,'ROSENDO','DIAZ','LOPEZ','DILR430301HSLZPS01','DILR430301','2015-04-16','2017-10-16',6,'2022-05-05 00:23:52','2022-05-05 00:23:52','CONOCIDO, CONCORDIA, SINALOA','1',0),(72,'ADELA MARGARITA','DIAZ','ROBLES','DIRA960106MSLZBD05','DIRA960106VE2','2018-12-03','2018-12-03',6,'2022-05-05 00:25:12','2022-05-05 00:25:12','VENUSTIANO CARRANZA #47 CONCORDIA, SINALOA','1',0),(73,'ORENCIO','DOMINGUEZ','BELTRAN','DOBO660501HSLMLR01','DOBO660501QE4','2019-03-01','2019-05-15',6,'2022-05-05 00:31:32','2022-05-05 00:31:32','AV DE LA JUVENTUD, CONCORDIA, SINALOA','1',0),(74,'JAVIER IGNACIO','DIAZ','MONROY','DIMJ690723HSLZNV13','DIMJ690723','2014-01-02','2014-01-02',6,'2022-05-05 00:37:45','2022-05-05 00:37:45','LA VIA S/N CONCORDIA, SINALOA','1',0),(75,'ALFREDO SEBASTIAN','DIAZ','MONROY','DIMA680112HSLZNL01','DIMA680112','1999-09-01','1999-09-01',6,'2022-05-05 01:09:19','2022-05-05 01:09:19','VENUSTIANO CARRANZA #47 CONCORDIA, SINALOA','1',1),(76,'MARTIN GERARDO','DIAZ','MONROY','DIMM680112HSLZNR00','DIMM680112','2000-04-17','2002-07-01',6,'2022-05-05 01:10:48','2022-05-05 01:10:48','VENUSTIANO CARRANZA #47 CONCORDIA, SINALOA','1',1),(77,'ITZEL GUADALUPE','ESPINOZA','GARCIA','EIGI980812MSLSRT08','EIGI980812','2019-07-02','2019-07-02',19,'2022-05-05 01:32:31','2022-05-05 01:32:31','COLINAS DE CONCORDIA, CONCORDIA, SINALOA','1',1),(78,'RUTH ABIGAIL','ESPINOZA','PEREZ','EIPR960615MSLSRT09','EIPR960615D73','2018-11-16','2019-04-01',1,'2022-05-05 01:47:54','2022-07-07 19:04:33','C LA VIA COL LOS RANCHITOS CONCORDIA, SINALOA','1',0),(79,'JESUS ALONSO','ESPINOZA','SALAZAR','EISJ741031HSLSLS01','EISJ741031','2002-06-15','2002-09-30',1,'2022-05-05 01:54:35','2022-05-05 01:54:35','ANGEL FLORES #26, CONCORDIA, SINALOA','1',1),(80,'MARIA DE JESUS','ESPINOZA','MEJIA','EIMJ610615MSLSJS04','EIMJ610615','2008-04-01','2008-08-01',22,'2022-05-05 01:59:58','2023-03-21 19:07:56','CALLEJON CHILO MORAN #12, CONCORDIA, SINALOA','1',1),(81,'ODIN','FIGUEROA','ESPINOZA','FIEO861030HSLGSD03','FIEO861030','2020-03-10','2020-03-10',6,'2022-05-05 02:07:20','2022-05-05 02:07:20','C BENITO JUAREZ, CONCORDIA, SINALOA','1',0),(82,'GERARDO','FIGUEROA','PASOS','FIPG620726HSLGSR02','FIPG620726','2019-04-01','1900-01-01',26,'2022-05-05 02:19:16','2022-05-05 02:40:33','LA GUASIMA, CONCORDIA, SINALOA','1',0),(83,'JESUS GUILLERMO','FIGUEROA','LIZARRAGA','FILJ790708HSLGZS03','FILJ790708','2005-01-01','2005-08-19',17,'2022-05-05 02:40:39','2022-05-05 02:40:39','C EL PROGRESO, EL VERDE, CONCORDIA, SINALOA','1',1),(84,'SILVIA','FLORES','RAMIREZ','FORS711026MSLLML04','FORS7110267H5','2021-11-01','2021-11-01',1,'2022-05-05 02:47:40','2022-05-05 02:47:40','ISIDORO PERAZA, CONCORDIA, SINALOA','1',0),(85,'GAMALIEL','FLORES','MENDOZA','FOMG680716HSLLNM06','FOMG680716MDA','2021-11-01','2021-11-01',6,'2022-05-05 02:53:50','2022-05-05 02:53:50','CARRET. MAZATLAN DURANGO, CONCORDIA, SINALOA','1',0),(86,'GLORIA','FLORES','LIZARRAGA','FOLG491025MSLLZL02','FOLG491025','2002-05-15','2014-01-10',6,'2022-05-05 03:01:44','2022-05-05 03:01:44','BENITO JUAREZ #1 EL VERDE, CONCORDIA, SINALOA','1',1),(87,'EMMA  NAYELI','GALVAN','RIVERO','GARE840224MSLLVM08','GARE840224','2021-11-01','2021-11-01',14,'2022-05-09 22:43:56','2022-05-09 22:43:56','JOSEFA ORTIZ DE DOMINGUEZ #55, CONCORDIA, SINALOA','1',0),(88,'ALEXIS NAYELY','GALLARDO','CAMPISTA','GACA981021MSLLML08','GACA981021S95','2022-04-03','2022-04-03',8,'2022-05-09 22:59:24','2022-05-09 22:59:24','COL. SAN SEBASTIAN, CONCORDIA, SINALOA','1',0),(89,'CONCEPCION','GANA','OSUNA','GAOC621218MSLNSN01','GAOC621218129','2021-11-01','2021-11-01',6,'2022-05-09 23:03:23','2022-05-09 23:03:23','AJON CUAUHTEMOC #27, CONCORDIA, SINALOA','1',0),(90,'JUAN','GARCIA','AGUILAR','GAAJ690328HSLRGN03','GAAJ690328IZ6','2017-05-01','2017-05-01',26,'2022-05-09 23:21:51','2022-07-18 19:19:47','CHIRIMOYOS DE LA PETACA, S/N, CONCORDIA, SINALOA','1',0),(91,'JOSE ANTONIO','GARCIA','CORONADO','GACA751201HSLRRN08','GACA751201','0019-06-10','2019-06-10',6,'2022-05-09 23:37:29','2022-05-09 23:37:29','EMILIANO ZAPATA, CONCORDIA, SINALOA','1',0),(92,'YSRAEL','GARATE','TIRADO','GATY671002HSLRRS08','GATY671002','2021-11-16','2021-11-16',6,'2022-05-09 23:44:35','2022-05-09 23:44:35','AGUACALIENTE DE GARATE, CONCORDIA, SINALOA','1',0),(93,'JESUS JOEL','GARAY','LIZARRAGA','GALJ650713HSLRZS02','GALJ650713','2019-04-01','2019-04-01',26,'2022-05-09 23:52:38','2022-05-09 23:52:38','PANUCO, CONCORDIA, SINALOA','1',0),(94,'CALLETANO','GARAY','GUTIERREZ','GAGC560807HSLRTL09','GAGC560807','2017-05-01','2017-05-01',26,'2022-05-09 23:56:17','2022-05-09 23:56:17','LAS GUACAMAYAS S/N, CONCORDIA, SINALOA','1',0),(95,'ALMA ROSA','GARCIA','GARZON','GAGA610304MSLRRL00','GAGA610304QJ6','2021-11-01','2021-11-01',1,'2022-05-10 00:03:55','2022-05-10 00:03:55','ISIDORO PERAZA #40, CONCORDIA, SINALOA','1',0),(96,'SILVIA','GARCIA','GARZON','GAGS661207MSLRRL02','GAGS661207','2008-03-06','2008-03-06',13,'2022-05-10 00:14:18','2022-11-25 17:21:26','ISIDORO PERAZA #40, CONCORDIA, SINALOA','1',1),(97,'NICOLAS','GARCIA','GARZON','GAGN640910HSLRRC03','GAGN640910KL9','2021-11-01','1900-01-01',9,'2022-05-10 00:24:26','2022-05-10 00:24:26','ISIDORO PERAZA #40, CONCORDIA, SINALOA','1',0),(98,'JOSE MANUEL','GARAY','PERAZA','GAPM630421HSLRRN04','GAPM630421','2010-05-01','2010-05-15',13,'2022-05-10 00:29:28','2022-05-10 00:29:28','EL COCO, CONCORDIA, SINALOA','1',0),(99,'ANTONIO','GARZON','MORFIN','GAMA650207HDFRRN08','GAMA650207IX9','2021-11-01','2021-11-01',11,'2022-05-10 00:36:22','2022-05-10 00:36:22','FRANCISCO GUTIERREZ #24, CONCORDIA, SINALOA','1',0),(100,'OSCAR ALEJANDRO','GARZON','SALAZAR','GASO871001HSLRLS03','GASO871001Q72','2021-11-01','2021-11-01',21,'2022-05-10 00:39:23','2022-05-10 00:39:23','FRANCISCO DE IBARRA #9, CONCORDIA, SINALOA','1',0),(101,'JOSE EUSEBIO','GARZON','PADILLA','GAPE700305HSLRDS06','GAPE700305','2018-02-16','2011-06-01',2,'2022-05-10 00:51:53','2022-05-10 00:51:53','LOS CERROTOS, CONCORDIA, SINALOA','1',0),(102,'EMILIO','GARZON','FLORES','GAFE420404HSLRLM05','GAFE420404','2013-02-16','2013-02-16',6,'2022-05-10 00:58:06','2022-05-10 00:58:06','JOSE MARIA MORELOS #16, CONCORDIA, SINALOA','1',0),(103,'EYLEEN ABBYGAIL','GARZON','GONZALES','GAGE741201MSLRNY','GAGE741201','1997-02-03','1997-02-03',20,'2022-05-10 01:01:46','2022-05-10 01:01:46','ISIDORO PERAZA #47, CONCORDIA, SINALOA','1',1),(104,'ANGEL','GARZON','PEÑA','GAPA510123HSLRXN05','GAPA510123','2010-07-01','2010-07-01',6,'2022-05-10 01:18:58','2022-05-10 01:18:58','RIO BALUARTE #72, CONCORDIA, SINALOA','1',0),(105,'MARIA ISABEL','GRANADOS','LIZARRAGA','GALI860830MSLRZS02','GALI860830','2017-01-16','2017-01-16',13,'2022-05-10 01:23:48','2022-05-10 01:23:48','EL VERDE S/N, CONCORDIA, SINALOA','1',0),(106,'FRANCISCO DANIEL','GUERRA','MARTINEZ','GUMF670227HSLRRR07','GUMF670227','2008-01-01','2009-03-01',1,'2022-05-10 01:33:43','2022-05-10 01:33:43','COL. EMILIANO ZAPATA S/N, CONCORDIA, SINALOA','1',0),(107,'ISAAC','GUERRA','VEGA','GUVI860417HSLRGS00','GUVI860417F75','2021-11-01','2021-11-01',19,'2022-05-10 01:41:00','2022-05-10 01:41:00','EL VERDE, CONCORDIA, SINALOA','1',0),(108,'ALFREDO','GUERRERO','RAMIREZ','GURA610529HSLRML08','GURA610529','2008-01-01','2009-08-01',6,'2022-05-10 01:57:02','2022-05-10 01:57:02','VICENTE GUERRERO S/N, CONCORDIA, SINALOA','1',0),(109,'MARIA CRISTINA','GUERRERO','SANCHEZ','GUSC721014MSLRNR08','GUSC721014','2002-02-16','2002-02-28',8,'2022-05-10 02:07:07','2022-11-11 17:26:04','BENITO JUAREZ #48, CONCORDIA, SINALOA','1',1),(110,'PABLO','GUERRERO','SARABIA','GUSP560517HDGRRB07','GUSP560517','2017-05-01','2017-05-01',26,'2022-05-10 02:09:56','2022-05-10 02:09:56','EL GUATANTAL, CONCORDIA, SINALOA','1',0),(111,'REFUGIO','IBARRA','GUERRA','IAGR700614HSLBRF03','IAGR700614','2019-04-01','2019-04-01',26,'2022-05-10 02:18:11','2022-05-10 02:18:11','TEPUXTA, CONCORDIA, SINALOA','1',0),(112,'HUMBERTO','IBARRA','ESPINOZA','IAEU670312HSLBSM09','IAEU970312','2008-01-01','2002-06-16',6,'2022-05-10 02:22:30','2022-05-10 02:22:30','TEPUXTA, CONCORDIA, SINALOA','1',1),(113,'ANA LIZETH','IBARRA','FLORES','IAFA900702MSLBLN02','IAFA900702','2018-04-01','2018-04-02',1,'2022-05-10 02:31:36','2022-05-10 02:31:36','MIGUEL HIDALGO S/N, CONCORDIA, SINALOA','1',0),(114,'MARIA TERESA','GUZMAN','CASTELLANO','GUCT780826MDFZSR02','GUCT780826','2011-01-01','2011-01-15',15,'2022-05-11 21:56:38','2022-05-11 21:56:38','ANGEL FLORES, CONCORDIA, SINALOA','1',0),(115,'KARLA MANUELA','HERNANDEZ','DIAZ','HEDK790519MSLRZR04','HEDK790519','2003-05-01','2003-07-01',6,'2022-05-11 22:06:56','2022-05-11 22:06:56','LA OTRA BANDA, CONCORDIA, SINALOA','1',1),(116,'HORTENSIA','HERNANDEZ','GARAY','HEGH600707MSLRRR00','HEGH600707','1998-01-15','1997-04-14',13,'2022-05-11 22:28:11','2022-05-11 22:28:11','COL. EMILIANO ZAPATA #20, CONCORDIA, SINALOA','1',1),(117,'GUADALUPE','HERNANDEZ','GARZON','HEGG710711MSLRRD07','HEGG710711','1998-03-01','1998-03-03',17,'2022-05-11 22:42:26','2022-05-11 22:42:26','ENCARNACION VIUDA DE VALDEZ #156, CONCORDIA, SINALOA','1',1),(118,'JOSE LUIS','HERNANDEZ','RIVERA','HERL511116HSLRVS03','HERL511116','2011-03-08','1900-01-01',5,'2022-05-11 22:52:36','2022-05-11 22:52:36','ISIDORO PERAZA #32, CONCORDIA, SINALOA','1',0),(119,'RAMIRO','HERNANDEZ','RUEDA','HERR811012HSLRDM00','HERR811012BJ7','2021-11-01','2021-11-01',9,'2022-05-11 22:58:16','2022-05-11 22:58:16','VICENTE GUERRERO #46, CONCORDIA, SINALOA','1',0),(120,'LUIS FERNANDO','HERNANDEZ','RODRIGUEZ','HERL780513HSLRDS05','HERL780513','2019-10-01','2019-10-01',6,'2022-05-11 23:08:39','2022-05-11 23:08:39','LA VIA, CONCORDIA, SINALOA','1',0),(121,'GEORGINA ALEJANDRA','HERNANDEZ','PERAZA','HEPG930809MSLRRR05','HEPG930809','2018-11-01','2019-01-01',17,'2022-05-11 23:15:01','2022-05-11 23:15:01','BENITO JUAREZ Y MINA, CONCORDIA, SINALOA','1',0),(122,'ISABEL','HERNANDEZ','GARCIA','HEGI670828HSLRRS19','HEGI670828','2014-05-01','2014-08-16',26,'2022-05-11 23:22:06','2022-05-11 23:22:06','CHIRIMOYOS, CONCORDIA, SINALOA','1',0),(123,'MARIA DE JESUS','HERNANDEZ','SOLORZANO','HESJ680102MSLRLS04','HESJ680102','2008-01-01','2002-02-28',17,'2022-05-11 23:29:39','2022-07-08 18:37:54','RAMON CORONA #47,  CONCORDIA, SINALOA','1',1),(124,'MANUELA  JAMILETTE','LIZARRAGA','CÁZAREZ','LICM900518MSLZZN03','LICM900518','2018-01-23','2018-01-23',7,'2022-05-11 23:43:09','2022-05-11 23:43:09','COL. SAN SEBASTIAN, CONCORDIA, SINALOA','1',0),(125,'FRANCISCO','LOPEZ','OSUNA','LOOF631004HSLPSR06','LOOF631004','2020-07-10','2020-07-10',6,'2022-05-11 23:46:39','2022-05-11 23:46:39','CONOCIDO, CONCORDIA, SINALOA','1',0),(126,'RAUL JESSE','LABRADOR','RIOS','LARR970406HSLBSL00','LARR970406','2018-08-06','2018-08-06',6,'2022-05-11 23:49:56','2022-05-11 23:49:56','LA VIA, COL. PUEBLOS UNIDOS, CONCORDIA, SINALOA','1',1),(127,'JOSE CARLOS','LIZARRAGA','CAÑEDO','LICC720515HSLZXR05','LICC720515','2019-07-01','2019-07-01',6,'2022-05-11 23:55:57','2022-05-11 23:55:57','LAS IGUANAS, CONCORDIA, SINALOA','1',0),(128,'JOSE CARLOS','LIZARRAGA','CAÑEDO','LICJ720515HSLZXR05','LICC720515','2019-07-01','2019-07-01',6,'2022-05-12 00:40:14','2022-05-12 00:42:05','LAS IGUANAS, CONCORDIA, SINALOA','1',0),(129,'ESTEBAN EDUARDO','LOPEZ','BELTRAN','LOBE880217HSLPLS04','LOBE880217','2011-01-01','2011-01-01',3,'2022-05-12 00:51:13','2022-05-12 00:51:13','EMILIANO ZAPATA S/N, CONCORDIA, SINALOA','1',0),(130,'JACQUELINE','LANGARICA','VELAZQUEZ','LAVJ000103MSLNLCA7','LAVJ000103','2021-11-01','2021-11-01',20,'2022-05-12 00:54:20','2022-05-12 00:54:20','ISIDORO PERAZA #43, CONCORDIA, SINALOA','1',0),(131,'EFRAÍN GUADALUPE','LERMA','VARGAS','LEVE980427HSLRRF03','LEVE980427','2020-01-02','2020-01-02',5,'2022-05-12 01:01:07','2022-05-12 01:01:07','VILLA DE GUADALUPE, CONCORDIA, SINALOA','1',0),(132,'ERMILA','LIZARRAGA','CALDERON','LICE690718MDGZLR03','LICE690718','2019-11-07','2017-05-01',1,'2022-05-12 01:10:30','2022-05-12 01:10:30','EL MAGISTRAL, CONCORDIA, SINALOA','1',0),(133,'NATALIO','LABRADOR','RUEDA','LARN670727HDGBDT04','LARN670727','2017-05-01','2017-05-01',26,'2022-05-12 01:16:11','2022-05-12 01:16:11','AGUACALIENTE DE JACOBO S/N, CONCORDIA, SINALOA','1',0),(134,'JUANA','LIZARRAGA','OSUNA','LIOJ700326MSLZSN06','LIOJ700326','2011-07-01','2002-05-01',6,'2022-05-12 01:31:23','2022-05-12 01:31:23','CERRITOS, CONCORDIA, SINALOA','1',0),(135,'HERIBERTO','LIZARRAGA','BERNAL','LIBH580131HSLZRR00','LIBH580131','2021-08-16','2021-08-16',6,'2022-05-12 01:40:45','2022-05-12 01:40:45','EL VERDE, CONCORDIA, SINALOA','1',0),(136,'JAZMIN','LIZARRAGA','OCEGUEDA','LIOJ831111MSLZCZ23','LIOJ831111','2017-12-04','2017-01-04',13,'2022-05-12 01:50:35','2022-05-12 01:50:35','ZAVALA, CONCORDIA, SINALOA','1',1),(137,'MARIA TRINIDAD','LIZARRAGA','MADRIGAL','LIMT501016MSLZDR07','LIMT501016','2017-02-01','2017-02-01',18,'2022-05-12 02:04:03','2023-02-07 21:00:07','MAZATLAN DURNGO S/N, CONCORDIA, SINALOA','1',0),(138,'HECTOR','LIZARRAGA','GARZON','LIGH611201HSLZRC02','LIGH611201','2008-01-01','2005-08-01',6,'2022-05-12 02:09:05','2022-05-12 02:09:05','EL VERDE, CONCORDIA, SINALOA','1',0),(139,'JESUS MANUEL','LIZARRAGA','RAMOS','LIRJ631007HSLZMS05','LIRJ631007','2019-04-01','2019-04-01',26,'2022-05-12 02:19:37','2022-05-12 02:19:37','CONCORDIA, SINALOA','1',0),(140,'VERONICA','LIZARRAGA','RAMOS','LIRV750711MSLZMR02','LIRV750711','2018-01-16','2018-01-16',6,'2022-05-12 02:28:06','2022-05-12 02:28:06','MESILLAS, CONCORDIA, SINALOA','1',0),(141,'VICTOR RAMIRO','LIZARRAGA','TIRADO','LITV760427HSLZRC00','LITV760427','2001-08-25','2001-01-25',6,'2022-05-12 02:34:41','2022-05-12 02:34:41','CARRETERA CONCORDIA TEPUXTA #5, CONCORDIA, SINALOA','1',1),(142,'JESUS JAVIER','LOPEZ','GARCIA','LOGJ740410HSLPRS08','LOGJ740410','1999-01-04','2000-07-10',6,'2022-05-12 02:47:31','2022-05-12 02:47:31','ANGEL FLORES #77, CONCORDIA, SINALOA','1',1),(143,'PERLA DE JESUS','LOPEZ','MARTINEZ','LOMP920918MSLPRR01','LOMP9209084S9','2021-11-01','2021-11-01',5,'2022-05-12 21:02:36','2022-05-12 21:02:36','PROL. DONATO GUERRA S/N, CONCORDIA, SINALOA','1',0),(144,'RICARDO','LOPEZ','ZAMUDIO','LOZR690619HSLPMC04','LOZR690619','2020-02-19','2020-02-19',6,'2022-05-12 21:13:05','2022-05-12 21:13:05','CONCORDIA, SINALOA','1',0),(145,'VICTOR ALFONSO','LOPEZ','SILVA','LOSV970311HSLPLC09','LOSV970311','2020-07-03','2020-07-03',6,'2022-05-12 21:45:21','2022-05-12 21:45:21','C MARGARITA MAZA DE JUAREZ, CONCORDIA, SINALOA','1',0),(146,'GILBERTO','LOPEZ','ESPINOZA','LOEG891117HSLPSL04','LOEG891117','2014-01-02','2014-01-02',13,'2022-05-12 21:51:11','2022-05-12 21:51:11','EMILIANO ZAPATA S/N, CONCORDIA, SINALOA','1',0),(147,'MARIA DEL ROSARIO','LOPEZ','GARCIA','LOGR611223MSLPRS09','LOGR611223','1997-05-01','1989-01-01',5,'2022-05-12 22:01:32','2023-01-26 18:09:27','VICENTE GUERRERO #18, CONCORDIA, SINALOA','1',1),(148,'ANA MARIA','LOPEZ','PIÑA','LOPA670913MSLPXN00','LOPA670913','1996-01-01','1996-01-01',17,'2022-05-12 22:25:22','2022-05-12 22:25:22','EMILIANO ZAPATA S/N, CONCORDIA, SINALOA','1',0),(149,'NANCY ELIZABETH','LOPEZ','TIRADO','LOTN800620MSLPRN08','LOTN800620','2021-11-01','2014-01-01',6,'2022-05-12 22:31:12','2022-05-12 22:31:12','MESILLAS, CONCORDIA, SINALOA','1',0),(150,'LUIS','MANRIQUEZ','MORALES','MAML540825HSLNRS03','MAML540825','2004-01-01','2005-11-21',5,'2022-05-12 22:50:44','2022-05-12 22:50:44','MIGUEL HIDALGO #20, CONCORDIA, SINALOA','1',0),(151,'JUANA','MARTINEZ','FLORES','MAFJ591111MSLRLN02','MAFJ591111','2002-05-15','2002-05-15',9,'2022-05-12 22:59:43','2022-05-12 22:59:43','COL. LAS ARENITAS, CONCORDIA, SINALOA','1',1),(152,'JESUS','MARTINEZ','OSUNA','MAOJ700122HSLRSS04','MAOJ700122','2019-04-01','2014-05-01',26,'2022-05-12 23:08:05','2022-05-12 23:08:05','ZAVALA, CONCORDIA, SINALOA','1',0),(153,'MAXIMILIANO','MARTINEZ','SANCHEZ','MASM510427HSLRNX01','MASM5104279R1','2021-11-01','1900-01-01',6,'2022-05-12 23:11:50','2022-05-12 23:11:50','MARGARITA MAZA DE JUAREZ S/N, CONCORDIA, SINALOA','1',0),(154,'MARIANO','NAVARRO','GONZALEZ','NAGM860215HSLVNR02','NAGM860215','2017-02-01','2017-02-01',12,'2022-05-12 23:34:48','2022-05-12 23:34:48','JACOBO, CONCORDIA, SINALOA','1',0),(155,'MARIA IRENE','MANCINAS','ORTEGA','MAOI700221MDGNRR01','MAOI700221','2019-10-01','2019-10-01',6,'2022-05-12 23:39:35','2022-05-12 23:39:35','LA CAÑADA, CONCORDIA, SINALOA','1',0),(156,'JESUS','MENDOZA','TIZNADO','METJ730705HSLNZS01','METJ730705P33','2021-11-01','2021-11-01',20,'2022-05-12 23:43:49','2022-05-12 23:43:49','CARRT. MAZATLAN DURANGO S/N, CONCORDIA, SINALOA','1',0),(157,'MARIA DE JESUS','NORIEGA','OSUNA','NOOJ610418MSLRSS05','NOOJ610418','2002-10-01','2002-10-18',6,'2022-05-12 23:44:02','2022-05-12 23:44:02','JOSEFA ORTIZ DE DOMINGUEZ S/N, CONCORDIA, SINALOA','1',1),(158,'EFRAIN','NUÑEZ','RAMIREZ','NURE640318HSRXMF00','NURE640318','2019-04-01','2019-04-01',26,'2022-05-12 23:46:58','2022-05-12 23:46:58','COPALA,CONCORDIA, SINALOA','1',0),(159,'LUIS','NUÑEZ','PADILLA','NUPL760729HSLXDS00','NUPL7607291X4','2019-04-01','2019-04-01',26,'2022-05-12 23:48:59','2022-07-18 19:29:15','SANTA CATARINA, CONCORDIA, SINALOA','1',0),(160,'ADRIAN SAMIR','MENDOZA','CRISTERNA','MECA950627HSLNRD03','MECA950627','2021-05-04','2021-05-04',6,'2022-05-12 23:49:28','2022-05-12 23:49:28','VILLA DE GUADALUPE, CONCORDIA, SINALOA','1',1),(161,'ANA KAREN','NIEBLAS','BARRAZA','NIBA940924MSLBRN00','NIBA9409247B7','2021-11-01','2021-11-01',13,'2022-05-12 23:50:13','2022-05-12 23:50:13','MESILLAS, CONCORDIA, SINALOA','1',0),(162,'RAFAEL','MENDOZA','TIZNADO','METR760929HSLNZF01','METR760929R80','2021-11-01','2021-11-01',23,'2022-05-12 23:53:31','2022-05-12 23:53:31','JUAN ALDAMA S/N, CONCORDIA, SINALOA','1',0),(163,'FRANCISCO','MENDOZA','RODRIGUEZ','MERF650315HSLNDR00','MERF650315','2003-06-15','2003-07-01',6,'2022-05-12 23:58:27','2022-05-12 23:58:27','MARGARITA MAZA DE JUAREZ S/N, CONCORDIA, SINALOA','1',1),(164,'MAXIMILIANA LIZETH','OCHOA','OSUNA','OOOM850113MSLCSX07','OOOM850113638','2021-11-01','1900-01-01',14,'2022-05-12 23:59:21','2022-05-12 23:59:21','EL VERDE, CONCORDIA, SINALOA','1',0),(165,'JESUS ANTONIO','MENDOZA','VIZCARRA','MEVJ871020HSLNZS03','MEVJ871020','2014-01-01','2014-01-01',17,'2022-05-13 00:05:23','2022-05-13 00:05:23','EMILIANO ZAPATA #22, CONCORDIA, SINALOA','1',1),(166,'JOSE MANUEL','ONTIVEROS','GARCIA','OIGM770625HSLNRN07','OIGM770625','2022-01-03','1900-01-01',21,'2022-05-13 00:06:50','2022-05-13 00:06:50','LA CONCEPCION, CONCORDIA, SINALOA','1',0),(167,'JULIAN','ONTIVEROS','IBARRA','OIIJ690216HSLNBL07','OII690216BQ5','2021-11-01','2021-11-01',6,'2022-05-13 00:20:33','2022-05-13 00:20:33','LA CONCEPCION, CONCORDIA, SINALOA','1',0),(168,'GONZALO','MILLAN','OSUNA','MIOG610526HSLLSN07','MIOG610526','2008-01-01','2012-03-01',6,'2022-05-13 00:20:35','2022-05-13 00:20:35','VICENTE GUERRERO S/N AGUACALIENTE DE GARATE, CONCORDIA, SINALOA','1',0),(169,'RAMIRO','ONTIVEROS','PAEZ','OIPR700318HSLNZM05','OIPR700318','2017-05-01','2017-05-01',26,'2022-05-13 00:23:51','2022-05-13 00:23:51','LA CONCEPCION, CONCORDIA, SINALOA','1',0),(170,'JUAN CARLOS','MOLINA','ORTEGA','MOOJ770222HDGLRN14','MOOJ770222','2003-02-03','2003-03-01',6,'2022-05-13 00:24:54','2022-05-13 00:24:54','ANGEL FLORES #57, CONCORDIA, SINALOA','1',1),(171,'HUMBERTO JAVIER','ONTIVEROS','MENDOZA','OIMH740804HSLNNM05','OIMH740804','2004-10-01','2008-04-01',1,'2022-05-13 00:28:45','2022-05-13 00:28:45','IGNACIO ALLENDE #30, CONCORDIA, SINALOA','1',0),(172,'CARMEN LEONOR','MORALES','SALAZAR','MOSC850820MSLRLR07','MOSC850820','2021-08-01','2021-08-01',6,'2022-05-13 00:28:55','2022-05-13 00:28:55','COL. SAN SEBASTIAN, CONCORDIA, SINALOA','1',1),(173,'JOSE ALFONSO','MONROY','DIAZ','MODA480126HSLNZL17','MODA480126','2003-01-16','2003-06-15',6,'2022-05-13 00:33:40','2022-05-13 00:33:40','MARGARITA MAZA DE JUAREZ S/N, CONCORDIA, SINALOA','1',1),(174,'ISMAEL','ONTIVEROS','ZAMUDIO','OIZI740416HSLNMS05','OIZI740416','2017-03-16','2014-02-02',3,'2022-05-13 00:34:49','2022-05-13 00:34:49','VICENTE GUERRERO S/N CONCORDIA, SINALOA','1',0),(175,'GABRIEL ANTONIO','MONROY','PASOS','MOPG800623HSLNSB09','MOPG800623','1999-06-01','2001-02-16',6,'2022-05-13 00:36:29','2022-05-13 00:36:29','DONATO GUERRA #52, CONCORDIA, SINALOA','1',1),(176,'JUAN MANUEL','ORTEGA','HERNANDEZ','OEHJ890420HSLRRN06','OEHJ890420FB7','2021-11-01','2021-11-01',7,'2022-05-13 00:36:29','2022-05-13 00:36:29','COL. SAN SEBASTIAN S/N CONCORDIA, SINALOA','1',0),(177,'LUZ ALBA','ORNELAS','SALMERON','OESL790531MSLRLZ07','OESL790531LS4','2017-01-01','2017-01-03',1,'2022-05-13 00:37:55','2022-05-13 00:37:55','BENITO JUAREZ #30 CONCORDIA, SINALOA','1',0),(178,'JESUS ALBERTO','MONROY','PASOS','MOPJ761118HSLNSS04','MOPJ761118HL1','2021-11-01','2021-11-01',5,'2022-05-13 00:38:45','2022-05-13 00:38:45','DONATO GUERRA #52, CONCORDIA, SINALOA','1',0),(179,'JOSE RAMON','MONROY','SALAZAR','MOSR780514HSLNLM02','MOSR780514','2009-11-24','2010-01-15',6,'2022-05-13 00:42:20','2022-05-13 00:42:20','DONATO GUERRA #54, CONCORDIA, SINALOA','1',0),(180,'MARIO ARNULFO','MORALES','GARCIA','MOGM690815HSLRRR08','MOGM690815','2014-01-01','2014-01-01',6,'2022-05-13 00:45:29','2022-05-13 00:45:29','5 DE MAYIO S/N, CONCORDIA, SINALOA','1',0),(181,'JESUS ALBERTO','ORNELAS','SALAZAR','OESJ810915HSLRLS08','OESJ810915','2018-11-01','2008-01-31',4,'2022-05-13 00:46:34','2022-05-13 00:46:34','SALOME VIZCARRA S/N CONCORDIA, SINALOA','1',0),(182,'MIGUEL ANGEL','MORENO','RIOS','MORM880929HSLRSG06','MORM880929AB6','2021-11-01','2014-01-01',5,'2022-05-13 00:48:48','2022-05-13 00:48:48','CJON. CUAUHTEMOC #23, CONCORDIA, SINALOA','1',0),(183,'ANGEL ANTONIO','MONROY','QUINTERO','MOQA850724HSLNNN00','MOQA8507243N9','2021-11-01','2021-11-01',10,'2022-05-13 00:51:08','2022-05-13 00:51:08','COL. MARAVILLA, CONCORDIA, SINALOA','1',0),(184,'ALMA FABIOLA','ORNELAS','SALAZAR','OESA770120MSLRLL06','OESA770120','2018-11-12','2018-11-12',22,'2022-05-13 00:51:52','2022-12-19 17:08:44','MIGUEL HIDALGO, CONCORDIA, SINALOA','1',0),(185,'CESAR CATARINO','MONTOYA','ORNELAS','MOOC940109HSLNRS00','MOOC940109','2021-11-01','2021-11-01',13,'2022-05-13 00:52:40','2022-05-13 00:52:40','BENITO JUAREZ #13, CONCORDIA, SINALOA','1',0),(186,'MIGUEL ANGEL','ORNELAS','MONTAÑO','OEMM840403HSLRNG00','OEMM840403','2011-01-01','2011-10-01',15,'2022-05-13 00:53:12','2022-07-20 19:34:41','APOLINAR PROA S/N CONCORDIA, SINALOA','1',0),(187,'DIANA','OSUNA','DORIA','OUDD870817MBCSRN05','OUDD870817G80','2021-11-01','2021-11-01',12,'2022-05-13 00:54:49','2022-05-13 00:54:49','LA OTRA BANDA, CONCORDIA, SINALOA','1',0),(188,'LUIS','MONRAN','RODRIGUEZ','MORL800124HSLRDS03','MORL800124','2020-09-01','2005-07-16',7,'2022-05-13 00:55:43','2022-05-19 01:22:23','VICENTE GUERRERO #22, CONCORDIA, SINALOA','1',0),(189,'OLGA LILIA','OSUNA','SANCHEZ','OUSO770310MSLSNL07','OUSO770310','2017-06-23','2017-06-23',19,'2022-05-13 00:57:58','2022-05-13 00:57:58','EL VERDE, CONCORDIA, SINALOA','1',0),(190,'JOSE LUIS','MORENO','LIZARRAGA','MOLL540725HSLRZS08','MOLL540725','2019-04-01','2019-04-01',26,'2022-05-13 00:58:38','2022-05-13 00:58:38','EL VERDE, CONCORDIA, SINALOA','1',0),(191,'CRISTINO','MORENO','GONZALEZ','MOGC461205HSLRNR09','MOGC461205988','2019-04-16','2019-04-16',1,'2022-05-13 01:09:01','2022-05-13 01:09:01','CJON CUAUTHEMOC, CONCORDIA, SINALOA','1',0),(192,'MARIA GUADALUPE','OSUNA','MORENO','OUMG920707MSLSRD06','OUMG920707EM1','2021-11-01','2021-11-01',6,'2022-05-13 01:11:15','2022-05-13 01:11:15','EL HUAJOTE, CONCORDIA, SINALOA','1',0),(193,'FRANCISCO','OSUNA','GAMBOA','OUGF551211HSLSMR02','OUGF551211','2013-03-01','1900-01-01',3,'2022-05-13 01:15:19','2022-05-13 01:15:19','ANGEL FLORES #45 CONCORDIA, SINALOA','1',0),(194,'OSCAR IVAN','OSUNA','DIAZ','OUDO831005HSLSZS01','OUDO831005','2008-01-01','2008-01-16',17,'2022-05-13 01:22:46','2022-05-13 01:22:46','ALVARO OBREGON #18, CONCORDIA, SINALOA','1',0),(195,'CRESCENCIO ROSARIO','MEZA','RAMOS','MERC720914HSLZMR10','MERC720914','2007-03-01','2003-06-16',6,'2022-05-13 01:22:56','2022-05-13 01:22:56','CARRETERA MAZATLAN DURANGO S/N, CONCORDIA, SINALOA','1',1),(196,'JORGE','MARTINEZ','SINOHUI','MASJ580407HBCRNR11','MASJ580407','2010-02-15','2010-03-01',6,'2022-05-13 01:25:57','2022-05-13 01:25:57','MALPICA,CONCORDIA, SINALOA','1',0),(197,'MARIA DEL ROSARIO','OSUNA','GARCIA','OUGR620826MSLSRS06','OUGR620826','2002-05-01','2002-05-01',6,'2022-05-13 01:30:08','2022-05-13 01:30:08','COL. SAN SEBASTIAN CONCORDIA, SINALOA','1',1),(198,'MANUEL','PEREZ','VALDEZ','PEVM410915HSLRLN01','PEVM410915','2008-10-01','2005-11-29',6,'2022-05-13 01:32:15','2022-05-13 01:32:15','MARGARITA MAZA DE JUAREZ S/N, CONCORDIA, SINALOA','1',1),(199,'JOSE ANTONIO','PASOS','DIAZ','PADA761127HSLSZN09','PADA761127','2014-04-29','2014-04-29',6,'2022-05-13 01:34:22','2022-05-13 01:34:22','BENITO JUAREZ #21, CONCORDIA, SINALOA','1',0),(200,'JOSE LUIS','PARENTE','MEDINA','PAML680319HSLRDS09','PAML680319','2008-01-01','2011-09-15',6,'2022-05-13 01:41:34','2022-05-13 01:41:34','AGUACALIENTE DE GARATE, CONCORDIA, SINALOA','1',0),(201,'FATIMA','PANDELI','DIAZ','PADF960401MSLNZT08','PADF960401','2021-03-05','2021-03-05',23,'2022-05-13 01:44:20','2022-05-13 01:44:20','ANGEL FLORES S/N, CONCORDIA, SINALOA','1',1),(202,'PATRICIA','PANDELI','LOPEZ','PALP621016MSLNPT06','PALP621016','2004-12-16','2004-10-16',6,'2022-05-13 01:48:25','2022-05-13 01:48:25','JOSE ORTIZ DE DOMINGUEZ S/N, CONCORDIA, SINALOA','1',1),(203,'CARMEN ALICIA','PIÑA','SANCHEZ','PISC901106MSLXNR08','PISC901106MT6','2021-11-01','2021-11-01',15,'2022-05-13 01:50:07','2022-05-13 01:50:07','RAFAEL BUELNA S/N, CONCORDIA, SINALOA','1',0),(204,'OMAR','OSUNA','SANCHEZ','OUSO761111HSLSNM08','OUSO761111','2002-02-15','2002-02-28',5,'2022-05-13 01:50:53','2022-05-13 01:50:53','ZAVALA S/N CONCORDIA, SINALOA','1',1),(205,'MIRIAM','PAEZ','PAEZ','PAPM791108MSLZZR03','PAPM791108','2008-01-01','2004-07-28',13,'2022-05-13 01:53:44','2022-05-13 01:53:44','TEPUXTA, CONCORDIA, SINALOA','1',1),(206,'SEBASTIAN','ORNELAS','MONROY','OEMS580118HSLRNB08','OEMS580118','2011-01-17','2014-02-01',6,'2022-05-13 01:54:38','2022-05-13 01:54:38','RAMON CORONA #47, CONCORDIA, SINALOA','1',0),(207,'MARIA VIRGINIA','PAREDES','SANCHEZ','PASV651229MDFRNR01','PASV6512293S8','2021-11-01','1900-01-01',22,'2022-05-13 01:55:32','2022-05-13 01:55:32','JUAN ALDAMA #83, CONCORDIA, SINALOA','1',0),(208,'MARTHA ALICIA','LIZARRAGA','PAREDES','LIPM760802MSLZRR07','LIPM760802','2011-01-01','2011-01-01',8,'2022-05-13 02:01:27','2022-12-13 18:54:59','CJON CUAUHTEMOC #5, CONCORDIA, SINALOA','1',0),(209,'CESAR','OSUNA','QUINTERO','OUQC640105HSLSNS00','OUQC640105','2011-03-15','2011-04-01',6,'2022-05-13 02:02:21','2022-05-13 02:02:21','MESILLAS, CONCORDIA, SINALOA','1',0),(210,'LUIS ARMANDO','PAEZ','LOPEZ','PALL670601HSLZPS05','PALL670601','2017-05-01','2010-05-31',26,'2022-05-13 02:04:12','2022-05-19 20:51:58','PALMILLAS, CONCORDIA, SINALOA','1',0),(211,'MARIA TERESA','OSUNA','LOPEZ','OUIT961114MSLSPR06','OULT961114','2020-09-16','2020-09-16',8,'2022-05-13 02:05:38','2022-05-13 02:05:38','COLINA DEL SOL #5 CONCORDIA, SINALOA','1',1),(212,'ROCIO','PATRON','MORALES','PAMR781028MSLTRC01','PAMR781028','2017-05-01','2017-05-01',26,'2022-05-13 02:06:06','2022-05-13 02:06:06','LOS NARANJOS S/N, CONCORDIA, SINALOA','1',0),(213,'JUDID','OSUNA','PERAZA','OUPJ781215MSLSRD00','OUPJ781215','2014-02-15','2012-04-01',8,'2022-05-13 02:08:31','2022-05-13 02:08:31','EL VERDE, CONCORDIA, SINALOA','1',0),(214,'OSCAR MANUEL','PEREZ','CANIZALES','PECO980930HSLRNS04','PECO980930KS1','2021-11-01','2021-11-01',5,'2022-05-13 02:08:58','2022-05-13 02:08:58','PROL. DONATO GUERRA S/N, CONCORDIA, SINALOA','1',0),(215,'SANTEAGO','OSUNA','ZAMUDIO','OUZS811116HSLSMN03','OUZS811116','2004-12-16','2005-03-04',13,'2022-05-13 02:10:03','2022-05-13 02:10:03','EL VERDE, CONCORDIA, SINALOA','1',1),(216,'MARIA PAULINA','PERAZA','URIBE','PEUP971221MSLRRL08','PEUP971221','2021-03-01','2021-03-01',4,'2022-05-13 02:12:44','2022-05-13 02:12:44','CARR MAZATLAN DURANGO S/N, CONCORDIA, SINALOA','1',1),(217,'CRISTOBAL','ORTEGA','NAVARRO','OENC771214HSLRVR08','OENC771214','2019-10-03','2019-10-01',6,'2022-05-13 02:13:15','2022-05-13 02:13:15','AGUACALIENTE DE GARATE, CONCORDIA, SINALOA','1',0),(218,'ANA YADIRA','PEREZ','MERAZ','PEMA820820MSLRRN00','PEMA820820','2017-09-01','2017-09-01',6,'2022-05-13 02:14:38','2022-05-13 02:14:38','SANTA LUCIA, CONCORDIA, SINALOA','1',1),(219,'EDGAR INOCENTE','PEREZ','LABRADOR','PELE730625HSLRBD02','PELE730625','2019-04-01','2019-04-01',26,'2022-05-13 02:16:45','2022-05-13 02:16:45','LA PETACA, CONCORDIA, SINALOA','1',0),(220,'ABIGAIL','PEREZ','MORENO','PEMA690818MSLRRB01','PEMA690818','1998-01-01','2006-02-25',13,'2022-05-13 02:22:53','2022-05-13 02:22:53','POTRERILLOS, CONCORDIA, SINALOA','1',1),(221,'PEDRO ANTONIO','PEREZA','VALDEZ','PEVP670117HSLRLD05','PEVP670117','2014-05-01','2014-05-01',26,'2022-05-13 02:25:14','2022-05-13 02:25:14','AGUACALIENTE DE GARATE, CONCORDIA, SINALOA','1',0),(222,'JUAN ROSENDO','PIÑA','BRITO','PIBJ790531HSLXRN00','PIBJ790531TS2','2021-11-01','2021-11-01',17,'2022-05-13 02:26:55','2022-05-13 02:26:55','COL. ESTADIO. CONCORDIA, SINALOA','1',0),(223,'SALVADOR','PEREZ','TORRES','PETS441109HSLRRL07','PETS771109','2005-01-01','2007-04-01',6,'2022-05-13 02:32:32','2022-05-13 02:32:32','VILLA DE GUADALUPE #01, CONCORDIA, SINALOA','1',0),(224,'MARTIN ALBERTO','QUEZADA','GARAY','QUGM920422HSLZRR06','QUGM920422','2015-09-02','2015-09-02',6,'2022-05-13 02:34:22','2022-05-13 02:34:22','SALOME VIZCARRA #51 CONCORDIA, SINALOA','1',1),(225,'PATRICIA','PEREZ','VIZCARRA','PEVP690505MSLRZT02','PEVP690505','1998-05-06','1998-05-07',13,'2022-05-13 02:35:02','2022-05-13 02:35:02','SANTA LUCIA, CONCORDIA, SINALOA','1',1),(226,'MARTIN ALBERTO','QUEZADA','PASOS','QUPM660913HSLZSR08','QUPM660913','2008-01-01','2005-03-01',5,'2022-05-13 02:36:18','2022-05-13 02:36:18','SALOME VIZCARRA #51 CONCORDIA, SINALOA','1',1),(227,'ROSENDO','PIÑA','MENDOZA','PIMR540919HSLXNS08','PIMR540919P64','2021-11-01','2021-11-01',5,'2022-05-13 02:36:39','2022-11-04 17:38:34','ANTONIO ROSALES #59, CONCORDIA, SINALOA','1',0),(228,'OSCAR FABIAN','QUINTEROS','ARAGON','QUAO660803HSLNRS06','QUAO660803','2019-04-01','2019-04-01',26,'2022-05-13 02:38:00','2022-05-13 02:38:00','EL PALMITO, CONCORDIA, SINALOA','1',0),(229,'SONIA GUADALUPE','RODRIGUEZ','CASAS','ROCS790214MSLDSN06','ROCS7902143C0','2021-11-01','2021-11-01',22,'2022-05-13 21:47:29','2022-05-13 21:47:29','CARRT. MAZATLAN/DURANGO, CONCORDIA, SINALOA','1',0),(230,'MARCIAL','RAYMUNDO','BUSTAMANTE','RABM530703HSLYSR07','RABM530703','2017-05-01','2012-03-01',26,'2022-05-13 21:53:20','2022-05-13 21:53:20','SAN JUAN DE JACOBO S/N, CONCORDIA, SINALOA','1',0),(231,'PETRA','RAMIREZ','IBARRA','RAIP580216MSLMBT09','RAIP580216','2008-01-01','2008-03-01',6,'2022-05-13 22:07:19','2022-05-13 22:07:19','COL. SAN SEBASTIAN S/N, CONCORDIA, SINALOA','1',0),(232,'MARIA ELENA','RAMIREZ','MORALES','RAME570708MSLMRL04','RAME570708','2021-04-16','2021-04-16',6,'2022-05-13 22:15:15','2022-05-13 22:15:15','MARIANO ESCOBEDO, CONCORDIA, SINALOA','1',0),(233,'IMELDA','RAMIREZ','TORRES','RATI930616MSLMRM08','RATI930616','2017-05-01','2017-05-01',26,'2022-05-13 22:20:08','2022-05-13 22:20:08','LA PASTORIA S/N, CONCORDIA, SINALOA','1',0),(234,'BERNARDINO','RAMIREZ','SOBARZA','RASB700520HDGMBR11','RASB700520','2017-05-01','2010-07-01',26,'2022-05-13 22:24:23','2022-05-13 22:24:23','EL HABAL DE COPALA, CONCORDIA, SINALOA','1',0),(235,'ANTONIO','RAMOS','COLIO','RACA631227HSLMLN06','RACA631227DI9','2019-04-01','2019-04-01',26,'2022-05-13 22:27:37','2022-07-18 19:25:13','LOS NARANJOS, CONCORDIA, SINALOA','1',0),(236,'MARIA ESTHER','SANCHEZ','CERVANTES','SACE551020MDFNRS08','SACE551020','2008-01-01','2003-05-12',6,'2022-05-13 22:30:12','2022-05-13 22:30:12','MARGARITA MAZA DE JUAREZ #35 CONCORDIA, SINALOA','1',1),(237,'LUIS ENRIQUE','RAMOS','MENDOZA','RAML840214HSLMNS03','RAML840214','2008-01-01','2008-01-31',21,'2022-05-13 22:35:26','2022-05-13 22:35:26','MARGARITA MAZA DE JUAREZ S/N, CONCORDIA, SINALOA','1',0),(238,'JOSE ALFREDO','RAMOS','ESPINOZA','RAEA540317HSLMSL00','RAEA540317','2019-04-01','2019-04-01',26,'2022-05-13 22:41:07','2022-05-13 22:41:07','COPALA, CONCORDIA, SINALOA','1',0),(239,'DORALHY ALEJANDRA','RAMOS','JIMENEZ','RAJD830903MSLMMR03','RAJD830903','2021-11-01','2021-11-01',13,'2022-05-13 22:45:06','2022-05-13 22:45:06','EL HUAJOTE, CONCORDIA, SINALOA','1',0),(240,'LUCIA','SANCHEZ','DIAZ','SADL590706MSLNZC07','SADL590706','2008-01-01','2008-04-01',6,'2022-05-13 22:46:26','2022-05-13 22:46:26','DONATO GUERRA S/N, CONCORDIA, SINALOA','1',0),(241,'ADAN','SANCHEZ','SILVA','SASA710806HSLNLD08','SASA710806','2008-01-01','2002-02-28',6,'2022-05-13 22:47:58','2022-06-16 22:00:27','VENUSTIANO CARRANZA #51 CONCORDIA, SINALOA','1',1),(242,'CARINA','SALAZAR','AYALA','SAAC730603MSLLYR04','SAAC730603','2014-01-01','2014-01-01',6,'2022-05-13 22:49:39','2022-12-09 19:41:11','COL. SAN SEBASTIAN, CONCORDIA, SINALOA','1',0),(243,'LUIS EDUARDO','RAYGOZA','FLORES','RAFL720324HSLYLS07','RAFL720324','2017-05-01','2017-05-01',26,'2022-05-13 22:50:16','2022-05-13 22:50:16','LA EMBOCADA S/N CONCORDIA, SINALOA','1',0),(244,'MARLENE JASAI','SALAZAR','GARZON','SAGM860208MSLLRR02','SAGM860208','2011-01-07','2011-01-15',11,'2022-05-13 22:51:34','2022-05-13 22:51:34','JOSE MARIA MORELOS #55 CONCORDIA, SINALOA','1',1),(245,'RITO','RAMOS','RIOS','RARR550527HDGMST06','RARR550527','2009-01-01','2009-01-01',6,'2022-05-13 22:52:42','2022-05-13 22:52:42','LA VIA #192, CONCORDIA, SINALOA','1',0),(246,'GREGORIO','RAMOS','LIZARRAGA','RALG540312HSLMZR12','RALG540312','1997-09-01','1997-09-15',6,'2022-05-13 23:03:38','2022-05-13 23:03:38','ANGEL FLORES #47, CONCORDIA, SINALOA','1',1),(247,'MARTIN HUMBERTO','RAYGOZA','OSUNA','RAOM860616HSLYSR06','RAOM860616','2019-04-01','2019-04-01',17,'2022-05-13 23:08:46','2022-11-29 21:45:30','LA EMBOCADA, CONCORDIA, SINALOA','1',0),(248,'FRANCISCO','RENDON','RODRIGUEZ','RERF561004HSLNDR04','RERF561004','2017-05-01','2017-05-01',26,'2022-05-13 23:13:29','2022-05-13 23:13:29','EL PALMITO S/N, CONCORDIA, SINALOA','1',0),(249,'PERLA GUADALUPE','REYES','RUIZ','RERP860811MSLYZR05','RERP8608116I0','2019-04-01','2019-04-01',26,'2022-05-13 23:16:52','2022-07-18 19:22:45','CONOCIDO, EL COCO, CONCORDIA, SINALOA','1',0),(250,'JESUS ISRAEL','REYES','TISNADO','RETJ710619HSLYSS02','RETJ710619','2021-04-01','2021-04-01',18,'2022-05-13 23:44:33','2022-05-13 23:44:33','BENITO JUAREZ, CONCORDIA, SINALOA','1',0),(251,'MARIA DEL CARMEN','REYES','TISNADO','RETC620918MSLYSR07','RETC620918','2021-11-01','1900-01-01',13,'2022-05-13 23:48:23','2022-05-13 23:48:23','CALLE CONSTITUCION #10, CONCORDIA, SINALOA','1',0),(252,'MARIA','REGALADO','ANDRADE','REAM560501MSLGNR05','REAM560501','2008-01-01','2003-05-12',6,'2022-05-13 23:53:30','2022-05-13 23:53:30','20 DE ENERO, CONCORDIA, SINALOA','1',1),(253,'AURELIA','REYES','ZATARAIN','REZA840902MSLYTR07','REZA840902UHA','2021-11-01','2021-11-01',6,'2022-05-14 00:30:37','2022-05-14 00:30:37','LA CONCEPCION, CONCORDIA, SINALOA','1',0),(254,'ODALIS URUBIK','RODRIGUEZ','CANIZALES','ROCO890503MSLDND02','ROCO890503','2021-07-01','2021-07-01',14,'2022-05-14 00:36:28','2022-12-20 17:28:44','ANGEL FLORES, CONCORDIA, SINALOA','1',0),(255,'JOSE ALFREDO','SALAZAR','RAMIREZ','SARA650224HSLLML02','SARA650224','2014-01-01','2014-01-01',6,'2022-05-14 00:41:10','2022-05-14 00:41:10','ISIDORO PERAZA #36, CONCORDIA, SINALOA','1',0),(256,'ANDREA','SALAZAR','HERNANDEZ','SAHA940207MSLLRN02','SAHA940207NV8','2021-11-01','2021-11-01',4,'2022-05-14 00:49:38','2022-05-14 00:49:38','IGNACIO ALLENDE #27 CONCORDIA, SINALOA','1',0),(257,'JOSE MANUEL','SANCHEZ','RIVERA','SARM590823HSLNVN19','SARM590823','2019-04-01','2017-05-01',26,'2022-05-14 00:56:21','2022-05-14 00:56:21','CHUPADEROS, CONCORDIA, SINALOA','1',0),(258,'JOSE OCTAVIO','RUIZ','VELASQUEZ','RUVO770509HSLZLC02','RUVO770509','2017-05-01','2017-05-01',26,'2022-05-14 00:58:25','2022-05-14 00:58:25','SAN LORENZO S/N, CONCORDIA, SINALOA','1',0),(259,'SAUL ALBERTO','SALAZAR','PEREZ','SAPS780810HSLLRL02','SAPS7808102G7','2005-01-01','2019-04-16',2,'2022-05-14 00:59:31','2022-05-14 00:59:31','CARRET. CONCORDIA-TEPUXTA, CONCORDIA, SINALOA','1',0),(260,'FRANCISCO','RUBI','LOPEZ','RULF560529HSLBPR06','RULF560529','2017-05-01','2017-05-01',26,'2022-05-14 01:02:45','2022-05-14 01:02:45','EL VERDE, CONCORDIA, SINALOA','1',0),(261,'CIRO','SALAZAR','GONZALEZ','SAGC940204HSLLNR00','SAGC940204','2014-01-01','2014-01-01',6,'2022-05-14 01:04:04','2022-05-14 01:04:04','COL. SAN SEBASTIAN, CONCORDIA, SINALOA','1',1),(262,'MARIA DEL CARMEN','SALAZAR','RODRIGUEZ','SARC580204MSLLDR02','SARC580204','2008-01-01','2002-02-28',6,'2022-05-14 01:08:17','2022-05-14 01:08:17','MARGARITA MAZA DE JUAREZ #20 CONCORDIA, SINALOA','1',1),(263,'EMMANUEL ALEJANDRO','RODRIGUEZ','MACIAS','ROME961113HSLDCM01','ROME961113KP3','2021-11-01','2021-11-01',21,'2022-05-14 01:10:06','2022-05-14 01:10:06','VENUSTIANO CARRANZA #51-A, CONCORDIA, SINALOA','1',0),(264,'ANALLELY','SALAZAR','VALENZUELA','SAVA781228MSLLLN05','SAVA781228','2002-01-01','2004-01-01',2,'2022-05-14 01:10:48','2022-05-14 01:10:48','EMILIANO ZAPATA, CONCORDIA, SINALOA','1',1),(265,'FRANCISCO JAVIER','RODRIGUEZ','PANDELI','ROPF711116HSLDNR06','ROPF711116717','0021-12-01','2008-01-02',6,'2022-05-14 01:18:51','2022-05-14 01:18:51','GRAL. GUTIERREZ #12, CONCORDIA, SINALOA','1',0),(266,'SEBASTIAN','SANCHEZ','PASOS','SAPS491019HSLNSB10','SAPS4910191HA','2021-11-01','2021-11-01',10,'2022-05-14 01:20:20','2022-05-14 01:20:20','RAFAEL BUELNA #68, CONCORDIA, SINALOA','1',0),(267,'ANA BELEN','ROJAS','RODRIGUEZ','RORA921026MSLJDN04','RORA9210268A0','2021-11-01','2021-11-01',6,'2022-05-14 01:26:29','2022-05-14 01:26:29','COPALA, CONCORDIA, SINALOA','1',0),(268,'ROCIO','RUIZ','ZAMUDIO','RUZR661204MSLZMC02','RUZR6612048T6','2021-12-16','2021-12-16',26,'2022-05-14 01:32:34','2022-07-18 18:07:58','LA EMBOCADA, CONCORDIA, SINALOA','1',0),(269,'FRANCISCO JAVIER','SANCHEZ','SALAZAR','SASF831004HSLNLR02','SASF831004','2002-01-01','2002-02-28',5,'2022-05-14 01:32:50','2023-01-10 17:29:18','CUAUHTEMOC #40, CONCORDIA, SINALOA','1',1),(270,'OLOF DE JESUS','RODRIGUEZ','CANIZALES','ROCO871110HSLDNL03','ROCO871110','2017-06-01','2014-01-01',1,'2022-05-14 01:39:24','2022-05-14 01:39:24','C IGNACIO ZARAGOZA #25, CONCORDIA, SINALOA','1',0),(271,'JUAN CARLOS','SANTOS','RODRIGUEZ','SARJ731210HSLNDN03','SARJ731210VE2','2021-11-01','2021-11-01',10,'2022-05-14 01:43:21','2022-05-14 01:43:21','EL HUAJOTE, CONCORDIA, SINALOA','1',0),(272,'ANDREA','RODRIGUEZ','DELGADO','RODA761130MDGDLN03','RODA761130','2008-01-16','2003-02-01',6,'2022-05-14 01:50:36','2022-05-14 01:50:36','EL MAGISTRAL, CONCORDIA, SINALOA','1',1),(273,'CELINA GUADALUPE','SARABIA','CASTELLANOS','SACC900508MSLRSL09','SACC900508','2015-03-30','2015-03-31',1,'2022-05-14 01:53:37','2022-05-14 01:53:37','ALVARO ABREGON S/N, CONCORDIA, SINALOA','1',1),(274,'CARMEN','RODRIGUEZ','ZAMUDIO','ROZC621122HSLDMR02','ROZC621122','1998-01-01','1998-01-05',2,'2022-05-14 01:54:56','2022-05-14 01:54:56','MORELOS #42, CONCORDIA, SINALOA','1',1),(275,'GUADALUPE','SALAZAR','LIZARRAGA','SALG691112MSLLZD07','SALG691112','1999-01-01','1999-08-01',13,'2022-05-14 01:57:19','2022-05-14 01:57:19','JOSE MARIA MORELOS #40 CONCORDIA, SINALOA','1',1),(276,'ANTONIO GUADALUPE','SAUCEDA','OLIVAS','SAOA561204HSLCLN02','SAOA561204JWA','2021-11-01','2021-11-01',18,'2022-05-14 01:58:58','2022-12-13 18:52:32','ANGEL FLORES #82 CONCORDIA, SINALOA','1',0),(277,'VERONICA','TIRADO','ALEMAN','TIAV741104MSLRLR02','TIAV741104','2008-01-01','2008-02-28',9,'2022-05-14 02:00:42','2022-05-14 02:00:42','IGNACIO ALLENDE S/N, CONCORDIA, SINALOA','1',1),(278,'ERINEO','SARABIA','SANCHEZ','SASE780513HSLRNR09','SASE780513','2017-05-01','2017-05-01',26,'2022-05-14 02:00:49','2022-05-14 02:00:49','LOS CIRUELOS CONCORDIA, SINALOA','1',0),(279,'JOSE MANUEL','SIERRA','MENDOZA','SIMM930925HSLRNN05','SIMM930925','2016-10-01','2016-10-01',6,'2022-05-14 02:05:07','2022-05-14 02:05:07','PROL. ANGEL FLORES #103, COL. EMILIANO ZAPATA CONCORDIA, SINALOA','1',1),(280,'ANA ISABEL','TIRADO','PASOS','TIPA840723MSLRSN00','TIPA840723','2008-01-01','2008-01-16',23,'2022-05-14 02:05:23','2022-05-14 02:05:23','DONATO GUERRA #40, CONCORDIA, SINALOA','1',0),(281,'PAUL SALVADOR','SILVA','GARZON','SIGP010501HSLLRLA4','SIGP010501CG5','2021-11-01','2021-11-01',24,'2022-05-14 02:07:03','2022-05-14 02:07:03','DONATO GUERRA #38 CONCORDIA, SINALOA','1',0),(282,'MAGALI IRENE','TERAN','OLIVAS','TEOM830421MSLRLG01','TEOM830421PK4','2021-11-01','2021-11-01',22,'2022-05-14 02:29:15','2022-05-14 02:29:15','CJON. JOSEFA ORTIZ DE DOMINGUEZ, CONCORDIA, SINALOA','1',0),(283,'CESAR ARMNADO','TIRADO','AGUIRRE','TIAC930911HSLRGS05','TIAC930911','2021-11-01','2021-11-01',2,'2022-05-14 02:32:34','2022-05-14 02:32:34','LOS CERRITOS, CONCORDIA, SINALOA','1',0),(284,'EDUARDO','SOTO','BERNAL','SOBE690218HSLTRD06','SOBE690218','2017-02-01','1900-01-01',6,'2022-05-14 02:34:54','2022-05-14 02:34:54','MARGARITA MAZA DE JUAREZ, CONCORDIA, SINALOA','1',0),(285,'JORGE','TIRADO','LOPEZ','TILJ620901HSLRPR02','TILJ620901','2008-01-02','2008-01-02',6,'2022-05-14 02:35:40','2022-05-14 02:35:40','ISIDORO PERAZA #65, CONCORDIA, SINALOA','1',0),(286,'REFAEL','TIRADO','DELGADO','TIDR901024HSLRLF08','TIDR901024','2017-05-01','2017-05-01',26,'2022-05-14 02:45:55','2022-05-14 02:45:55','CONCORDIA, SINALOA','1',0),(287,'JULIO CESAR','TIRADO','ESTRADA','TIEJ710208HSLRSL06','TIEJ710208','2017-05-01','2017-05-01',26,'2022-05-14 02:47:57','2022-05-14 02:47:57','ANGEL FLORES #44, MESILLAS, CONCORDIA, SINALOA','1',0),(288,'ALEJANDRA','TIRADO','PASOS','TIPA820118MSLRSL03','TIPA820118','2021-03-12','1900-01-01',11,'2022-05-14 02:51:08','2022-05-14 02:51:08','DONATO GUERRA #40, CONCORDIA, SINALOA','1',0),(289,'FELIPE DE JESUS','TIRADO','VALDEZ','TIVF660410HSLRLL09','TIVF6604108B2','2021-11-01','2021-11-01',12,'2022-05-14 02:53:32','2022-05-14 02:53:32','MESILLAS, CONCORDIA, SINALOA','1',0),(290,'ANA LUISA','TIRADO','VIZCARRA','TIVA730308MSLRZN02','TIVA730308','2014-01-01','2014-01-01',18,'2022-05-14 02:56:05','2022-05-14 02:56:05','JUAN ALDAMA S/N, CONCORDIA, SINALOA','1',0),(291,'JESUS IGNACIO','TOVAR','SALAZAR','TOSJ921022HSLVLS08','TOSJ921022','2021-04-01','2021-04-01',6,'2022-05-14 02:59:18','2022-05-14 02:59:18','SAN SEBASTIAN, CONCORDIA, SINALOA','1',0),(292,'JANELLYS STHEPHANIA','TISNADO','HERNANDEZ','TIHJ990215MSLSRN06','TIHJ990215P54','2021-11-01','2021-11-01',1,'2022-05-16 21:30:48','2022-05-16 21:30:48','ANGEL FLORES #48, CONCORDIA, SINALOA','1',0),(293,'CARMEN DOLORES','TIZNADO','SANDOVAL','TISC680404MSLSNR06','TISC680404','1998-01-01','1996-01-01',2,'2022-05-16 21:39:29','2022-05-16 21:39:29','FRANCISCO JAVIER MINA S/N, CONCORDIA, SINALOA','1',1),(294,'CARMEN DOLORES','TIZNADO','SANDOVAL','TISC680404MSLSNR06','TISC680404','1998-01-01','1996-01-01',2,'2022-05-16 21:39:29','2022-05-16 21:39:29','FRANCISCO JAVIER MINA S/N, CONCORDIA, SINALOA','1',1),(295,'OSCAR ALFREDO','TOREES','MORALES','TOMO851009HSLRRS04','TOMO851009','2019-04-01','2019-04-01',26,'2022-05-16 21:44:10','2022-05-16 21:44:10','SAN LORENZO, CONCORDIA, SINALOA','1',0),(296,'JOSE ALFREDO','TOSTADO','SANCHEZ','TOSA720921HSLSNL04','TOSA720921','2019-04-01','2019-04-01',26,'2022-05-16 21:47:24','2022-05-16 21:47:24','LOS CERRITOS, CONCORDIA, SINALOA','1',0),(297,'KEVIN ANDREE','TOLOSA','SANCHEZ','TOSK990724HBCLNV07','TOSK9907244P2','2021-11-16','1900-01-01',26,'2022-05-16 23:01:37','2022-05-16 23:01:37','MALPICA, CONCORDIA, SINALOA','1',0),(298,'VICTOR MANUEL','TORRES','IBARRA','TOIV701118HSLRBC09','TOIV701118T59','2021-11-01','2021-11-01',6,'2022-05-16 23:05:46','2022-05-16 23:05:46','LA CONCEPCION, CONCORDIA, SINALOA','1',0),(299,'COSME DAMIAN','ULLOA','SANCHEZ','UOSC761014HSLLNS00','UOSC761014','2009-07-01','2010-07-01',6,'2022-05-16 23:13:19','2022-05-16 23:13:19','FRANCISCO GUTIERRES #45, CONCORDIA, SINALOA','1',0),(300,'MARCELA GUADALUPE','UREÑA','OSUNA','UEOM861030MSLRSR07','UEOM8610302LP','2018-11-16','2019-05-15',6,'2022-05-16 23:23:56','2022-05-16 23:23:56','BENITO JUAREZ, CONCORDIA, SINALOA','1',0),(301,'JOSE LUIS','URIZA','PERAZA','UIPL670818HSLRRS06','UIPL670818','1997-03-09','1997-05-09',5,'2022-05-16 23:32:10','2023-01-03 17:08:40','LOS RANCHITOS, CONCORDIA, SINALOA','1',1),(302,'PETRA','VALERIO','BAEZA','VABP551023MDGLZT02','VABP551023','2008-01-04','2003-10-15',6,'2022-05-16 23:41:49','2022-05-16 23:41:49','VILLA DE GUADALUPE, CONCORDIA, SINALOA','1',1),(303,'JOSE MANUEL','VALENZUELA','PERAZA','VAPM850602HSLLRN06','VAPM850602','2021-09-01','2021-09-01',6,'2022-05-16 23:58:22','2022-05-16 23:58:22','ESTADIO GRANIJAS, CONCORDIA, SINALOA','1',1),(304,'AMADO','VALDES','GUZMAN','VXGA610306HSLLZM06','VXGA610306','2008-06-17','2008-06-30',6,'2022-05-17 00:11:47','2022-05-17 00:11:47','CARRETERA A MESILLAS S/N, CONCORDIA, SINALOA','1',0),(305,'JESUS ALBERTO','VALDES','CABRERA','VACJ780605HSLLBS03','VACJ780605','2000-07-19','2000-07-09',6,'2022-05-17 00:16:27','2023-02-10 19:26:40','LA VIA S/N, CONCORDIA, SINALOA','1',1),(306,'LUCAS','VIZCARRA','VALLE','VIVL490917HSLZLC01','VIVL490917','2002-02-15','2002-02-15',5,'2022-05-17 00:20:29','2022-05-17 00:20:29','CHUPADEROS, CONCORDIA, SINALOA','1',1),(307,'DIANA LUZ','VALDEZ','PERAZA','VAPD660212MSLLRN00','VADP660212DR3','2021-11-01','2008-01-16',17,'2022-05-17 00:26:03','2022-05-17 00:26:03','ANGEL FLORES #43, CONCORDIA, SINALOA','1',0),(308,'JESUS SERGIO','VALDEZ','DIAZ','VADJ670411HSLLZS02','VADJ670411I79','2018-11-01','2019-01-01',5,'2022-05-17 00:33:02','2022-05-17 00:33:02','IGNACIO ALLENDECONCORDIA, SINALOA','1',0),(309,'IGNACIO','VALDEZ','BARRON','VABI750519HSLLRG09','VABI750519','2020-01-01','2020-01-01',6,'2022-05-17 00:36:37','2022-05-17 00:36:37','AGUA CALIENTE DE GARATE, CONCORDIA, SINALOA','1',0),(310,'LUIS ALBERTO','VALDEZ','GARCIA','VAGL910126HSLLRS00','VAGL9101262MA','2021-11-01','2021-11-01',9,'2022-05-17 00:51:16','2022-05-17 00:51:16','EMILIANO ZAPATA S/N, CONCORDIA, SINALOA','1',0),(311,'GUADALUPE','VALDES','VAZQUEZ','VAVG580228MSLLZD01','VAVG580228','2020-03-16','2020-03-16',6,'2022-05-17 00:58:31','2022-05-17 00:58:31','AGUA CALIENTE DE GARATE, CONCORDIA, SINALOA','1',0),(312,'FRANCISCO','VELARDE','GUZMAN','VEGF491127HSLLZR08','VEGF491127','2005-02-14','2009-03-01',1,'2022-05-17 01:03:53','2022-09-19 16:22:19','MARIANO ESCOBEDO #15, CONCORDIA, SINALOA','1',0),(313,'MIGUEL','VELAZQUEZ','LIZARRAGA','VELM720601HSLLZG09','VELM720601','2017-05-01','2017-05-01',26,'2022-05-17 01:08:05','2022-05-17 01:08:05','LAS IGUANAS, CONCORDIA, SINALOA','1',0),(314,'JUAN CARLO','VALLE','GONZALEZ','VAGJ990706HSLLNN08','VAGJ990706','2020-06-01','2020-06-01',6,'2022-05-17 01:13:13','2022-05-17 01:13:13','APOLINAR PROA, CONCORDIA, SINALOA','1',0),(315,'MARIA DE LOS ANGELES','VALERIO','ROJAS','VARA740802MSLLJN05','VARA740802','2017-05-01','2017-05-01',26,'2022-05-17 01:26:05','2022-05-17 01:26:05','EL COCO, CONCORDIA, SINALOA','1',0),(316,'MARIA CONCEPCION','VELARDE','FLORES','VEFC951208MSLLLN06','VEFC9512082P1','2021-11-16','2021-12-01',8,'2022-05-17 01:30:23','2022-05-17 01:30:23','BENITO JUAREZ #34, CONCORDIA, SINALOA','1',0),(317,'MARIAN GUADALUPE','VELARDE','SANCHEZ','VESM990625MSLLNR02','VESM990625IP4','2021-11-01','2021-11-01',4,'2022-05-17 01:36:16','2022-05-17 01:36:16','BENITO JUAREZ #40, CONCORDIA, SINALOA','1',0),(318,'BENITO','VELAZQUEZ','SANCHEZ','VESB660415HSLLNN05','VESB660415','2019-04-01','2019-01-04',26,'2022-05-17 01:39:33','2022-05-17 01:39:33','SAN LORENZO, CONCORDIA, SINALOA','1',0),(319,'JUAN MARTIN','VILLALOBOS','RAMOS','VIRJ700808HSLLMN00','VIRJ700808','2008-08-01','2008-08-01',6,'2022-05-17 02:24:06','2022-12-07 20:49:08','ANGEL FLORES #4, CONCORDIA, SINALOA','1',0),(320,'MARIA ELENA','VILLEGAS','CASTILLO','VICE560417MSLLSL02','VICE560417','2017-01-01','1990-01-01',17,'2022-05-17 02:31:21','2022-07-15 19:15:06','ENCARNACION VIUDA DE VALDEZ #19, CONCORDIA, SINALOA','1',0),(321,'JOSE ANTONIO','VIZCARRA','CARRILLO','VICA940117HSLZRN07','VICA940217','2018-04-20','2018-04-20',18,'2022-05-17 02:36:04','2022-05-17 02:36:04','AV. DE LA JUVENTUD S/N, CONCORDIA, SINALOA','1',1),(322,'ISAAC ELIAS','VIZCARRA','RIVAS','VIRI920208HSLZVS04','VIRI920208','2014-01-01','2014-01-01',5,'2022-05-17 02:38:49','2022-05-17 02:38:49','LA VIA S/N, CONCORDIA, SINALOA','1',1),(323,'FRANCISCO','VIZCARRA','PEREZ','VIPF810516HSLZRR02','VIPF810516','2017-05-01','2017-05-01',26,'2022-05-17 02:41:34','2022-05-17 02:41:34','EL HABAL DE COPALA, CONCORDIA, SINALOA','1',0),(324,'GERARDO','VILLEDA','VALDEZ','VIVG650913HSLLLR03','VIVG650913','2005-01-01','2010-09-01',3,'2022-05-17 02:45:10','2022-05-17 02:45:10','MARGARITA MAZA DE JUAREZ #32, CONCORDIA, SINALOA','1',0),(325,'ROSSELY GUADALUPE','VIZCARRA','MARTINEZ','VIMR890421MSLZRS00','VIMR8904212Q1','2021-11-01','2021-11-01',17,'2022-05-17 02:47:51','2022-05-17 02:47:51','IGNACIO ALLENDE #45, CONCORDIA, SINALOA','1',0),(326,'RICARDO','VIZCARRA','LIZARRAGA','VILR611031HSLZZC09','VILR611031EL5','2021-11-01','2021-11-01',22,'2022-05-17 02:50:48','2022-05-17 02:50:48','MORELOS #28, CONCORDIA, SINALOA','1',0),(327,'TADEO','VILLA','VIZCARRA','VIVT020809HSLLZDA8','VIVT020809ER3','2021-11-01','2021-11-01',6,'2022-05-17 02:53:51','2022-05-17 02:53:51','MARIANO ESCOBEDO S/N, CONCORDIA, SINALOA','1',0),(328,'ARTURO','VALDES','GUZMAN','VAGA631007HSLLZR02','VAGA631007','2008-01-01','2011-01-01',1,'2022-05-17 02:57:24','2022-05-17 02:57:24','CJON. DONACION GARZON S/N, CONCORDIA, SINALOA','1',0),(329,'MARIA JUVENTINA','ZAMUDIO','BELTRAN','ZABJ671216MSLMLV03','ZABJ671216','1999-03-08','1999-03-08',2,'2022-05-17 21:21:33','2022-05-17 21:21:33','JOSE MARIA MORELOS #51, CONCORDIA, SINALOA','1',1),(330,'JESUS FRANCISCO','ZAVALA','BERNAL','ZABJ920530HSLVRS00','ZABJ920530','2020-01-02','2020-01-02',7,'2022-05-17 21:34:43','2022-05-17 21:34:43','DONATO GUERRA, CONCORDIA, SINALOA','1',0),(331,'CARMEN','ZATARAIN','X','ZAXC830502MSLTXR09','ZACA830502','2017-01-01','2017-01-01',6,'2022-05-17 21:47:42','2022-05-17 21:47:42','LA CONCEPCION, CONCORDIA, SINALOA','1',0),(332,'GUSTAVO','ZATARAIN','CHAVEZ','ZACG640614HSLTHS02','ZACG6406141VA','2019-05-15','2012-12-29',6,'2022-05-17 21:58:01','2023-03-06 21:49:46','JUSTO SIERRA, CONCORDIA, SINALOA','1',0),(333,'RAMONA','ZATARAIN','OROZCO','ZAOR600308MSLTRM00','ZAOR600308','2019-11-25','2008-01-16',6,'2022-05-17 22:14:27','2022-05-17 22:14:27','LA CONCEPCION, CONCORDIA, SINALOA','1',0),(334,'MARIA DEL ROSARIO','ZAMUDIO','MADRIGAL','ZAMR591222MSLMDS07','ZAMR591222','1993-11-18','1993-11-19',17,'2022-05-17 22:20:09','2022-05-17 22:20:09','BENITO JUAREZ S/N, CONCORDIA, SINALOA','1',1),(335,'JUANA','ZAMUDIO','TIRADO','ZATJ720902MSLMRN00','ZATJ720902','2014-01-02','2002-03-18',17,'2022-05-17 22:29:45','2022-05-17 22:29:45','IGNACIO ALLENDE S/N, CONCORDIA, SINALOA','1',0),(336,'OSCAR','ZAMUDIO','PEREZ','ZAPO760929HSLMRS01','ZAPO760929KW2','2021-11-01','2017-01-01',9,'2022-05-17 22:35:29','2022-05-17 22:35:29','RAFAEL BUELMA #40, CONCORDIA, SINALOA','1',0),(337,'KARIN JOSE','ZAMUDIO','VELARDE','ZAVK820212HSLMLR09','ZAVK8202122R5','2019-01-01','2019-01-01',6,'2022-05-17 22:38:57','2022-05-17 22:38:57','BENITO JUAREZ S/N, CONCORDIA, SINALOA','1',0),(338,'ORALIA','ZATARAIN','OROZCO','ZAOO670623MSLTRR08','ZAOO670623AZ3','2021-11-01','2021-11-01',6,'2022-05-17 22:44:38','2022-05-17 22:44:38','LA CONCEPCION, CONCORDIA, SINALOA','1',0),(339,'MARIA DEL ROSARIO','ZAMUDIO','PASOS','ZAPR720903MSLMSS08','ZAPR720903','2021-04-16','2013-10-15',6,'2022-05-17 22:50:16','2022-05-17 22:50:16','VICENTE GUERRERO, CONCORDIA, SINALOA','1',0),(340,'CECILIO','CABRERA','CARRILLO','CACC830122HSLBRC04','CACC830122','2003-01-16','2003-02-01',7,'2022-05-17 23:21:28','2022-05-17 23:21:28','LA GUASIMA, CONCORDIA, SINALOA','1',0),(341,'FERNANDO','CABRERA','GONZALEZ','CAGF740126HSLBNR02','CAGF740126','2007-03-06','2007-10-31',7,'2022-05-17 23:29:40','2022-05-17 23:29:40','LA GUASIMA, CONCORDIA, SINALOA','1',0),(342,'EMILIANO','CHAVEZ','ORTEGA','CAOE770405HSLHRM08','CAOE770405','2006-09-24','2007-01-16',7,'2022-05-17 23:39:51','2022-05-17 23:39:51','COL. EDUARDO LABASTIDA S/N, CONCORDIA, SINALOA','1',0),(343,'LUIS ENRIQUE','COVARRUBIAS','AYON','COAL841014HSLVYS00','COAL841014','2020-09-01','2020-09-01',7,'2022-05-17 23:50:38','2022-05-18 00:12:47','VICENTE GUERRERO S/N, CONCORDIA, SINALOA','1',0),(344,'OCTAVIO','ESPINOZA','LOPEZ','EILO760421HSLSPC02','EILO760421','2011-01-01','2002-07-01',7,'2022-05-17 23:55:20','2022-05-17 23:55:20','CALLE ESTADIO #8, CONCORDIA, SINALOA','1',0),(345,'MARCOS','GOMEZ','HERNANDEZ','GOHM820425HTCMRR04','GOHM820425','2020-12-11','2020-12-11',7,'2022-05-18 00:12:22','2022-05-18 00:12:22','VICENTE GUERRERO S/N, CONCORDIA, SINALOA','1',0),(346,'JUAN CARLOS','GOMEZ','GONZALEZ','GOGJ790318HSLMNN00','GOGJ790318','2006-09-16','2007-01-16',7,'2022-05-18 00:17:03','2022-05-18 00:17:03','DONATO GUERRA S/N, CONCORDIA, SINALOA','1',0),(347,'CRISTIAN','IÑIGUEZ','AVILEZ','IIAC920713HSLXVR07','IIAC920713','2022-01-10','2022-01-10',7,'2022-05-18 00:20:34','2022-05-18 00:20:34','VICENTE GERRERO, CONCORDIA, SINALOA','1',0),(348,'URIEL ULISES','INZUNZA','ZAVALA','IUZU930820HSLNVR03','IUZU930820','2021-12-08','2021-12-16',7,'2022-05-18 00:24:51','2022-05-18 00:24:51','VICENTE GUERRERO #22, CONCORDIA, SINALOA','1',0),(349,'DELFINO','GARAY','PEREZ','GAPD801225HSLRRL00','GAPD801025','2003-01-16','2003-02-01',7,'2022-05-18 01:59:29','2022-05-18 01:59:29','PRIV. DEL ESTADIO S/N, CONCORDIA, SINALOA','1',0),(350,'EDUARDO','MANCINAS','GUERRERO','MAGE730528HDGNRD05','MAGE730528','2000-01-16','2000-01-18',7,'2022-05-18 02:04:03','2022-05-18 02:04:03','COLINAS DE LAS ESTRELLAS #2, CONCORDIA, SINALOA','1',0),(351,'ALBERTO','MARTINEZ','ZAMUDIO','MAZA670730HSLRML00','MAZA670730','2002-04-15','2005-07-16',7,'2022-05-18 02:07:25','2022-05-18 02:07:25','CRAL. CAMPAÑA S/NCONCORDIA, SINALOA','1',0),(352,'ANGEL','MANCINAS','GUERRERO','MAGA800601HDGNRN02','MAGA800601','2004-09-03','2005-02-01',7,'2022-05-18 21:42:08','2022-05-18 21:42:08','CALLE DE LA ESTRELLA #23, CONCORDIA, SINALOA','1',0),(353,'ALMA LETICIA','ONTIVEROS','MARTINEZ','OIMA701005MSLNRL02','OIMA701005','2009-01-01','2009-04-01',7,'2022-05-18 21:54:22','2022-05-18 21:54:22','PROL. DONARO GUERRA #13, CONCORDIA, SINALOA','1',0),(354,'MARIA GUADALUPE','OSUNA','SALAZAR','OUSG720125MSLSLD06','OUSG720125','1999-01-01','1999-01-17',7,'2022-05-18 22:01:39','2022-05-18 22:01:39','MARIANO ESCOBEDO #20, CONCORDIA, SINALOA','1',0),(355,'JESUS MANUEL','ORTEGA','HERNANDEZ','OEHJ780506HSLRRS00','OEHJ780506','1999-01-18','1999-01-05',7,'2022-05-18 22:20:07','2022-05-18 22:20:07','VILLA DE GUADALUPE, CONCORDIA, SINALOA','1',0),(356,'NICASIO','PEREZ','LUGO','PELN661011HDGRGC07','PELN661011','2007-06-01','2007-06-04',7,'2022-05-18 22:35:34','2022-05-18 22:35:34','MALPICA, CONCORDIA, SINALOA','1',0),(357,'JOSÉ CARLOS','SALAZAR','RODRIGUEZ','SARC620508HSLLDR07','SARC620508','2005-07-15','2005-08-19',7,'2022-05-18 22:51:00','2022-05-18 22:51:00','ANGEL FLORES #54, CONCORDIA, SINALOA','1',0),(358,'CARMEN ROSARIO','SANCHEZ','GARZON','SAGC880903MSLNRR04','SAGC880903','2020-11-17','2020-11-17',7,'2022-05-18 23:13:30','2022-05-18 23:13:30','C JOSE MARIA MORELOS OTE S/N, CONCORDIA, SINALOA','1',0),(359,'PEDRO','REYES','DE ABAL','REAP780626HCSYLD04','REAP780626','2006-07-01','0007-07-15',7,'2022-05-18 23:36:12','2022-05-18 23:36:12','LOMAS DE CONCORDIA, CONCORDIA, SINALOA','1',0),(360,'HIPOLITO','REYES','RUBIO','RERH801130HSLYBP08','RERH801130','2005-04-01','2007-05-25',7,'2022-05-19 00:04:20','2022-05-19 00:04:20','SANTA LUCIA S/N, CONCORDIA, SINALOA','1',0),(361,'RAFAELA','RODRIGUEZ','DELGADO','RODR741024MDGDLF08','RODR741024','2008-02-14','2008-04-30',7,'2022-05-19 00:12:06','2022-05-19 00:12:06','CARR. MAZATLAN DURANGO #16, CONCORDIA, SINALOA','1',0),(362,'JOSE ANTONIO','TIRADO','ACOSTA','TIAA760613HSLRCN03','TIAA760613','2002-07-01','2002-07-01',7,'2022-05-19 00:46:43','2022-05-19 00:46:43','C IGNACIO ALLENDE #21, CONCORDIA, SINALOA','1',0),(363,'LORENA','TORRES','MORALES','TOML700810MSLRRR01','TOML700810','1999-01-16','2007-05-01',7,'2022-05-19 00:56:54','2022-05-19 00:56:54','COL. VILLA DE GUADALUPE, CONCORDIA, SINALOA','1',0),(364,'CESAR DANIEL','VALLE','LIZARRAGA','VALC960927HSLLZS01','VALC960927','2019-03-01','2019-03-01',7,'2022-05-19 01:01:29','2022-05-19 01:01:29','CONCORDIA, SINALOA','1',0),(365,'CARMEN RAUL','VIZCARRA','RODRIGUEZ','VIRC640716HSLZDR10','VIRC640716','2007-01-09','2007-01-16',7,'2022-05-19 01:12:16','2022-05-19 01:12:16','COL SAN SEBASTIAN, CONCORDIA, SINALOA','1',0),(366,'ALFREDO','VALLE','ZAMUDIO','VAZA701129HSLLML13','VAZA701129','1999-06-07','1999-06-07',7,'2022-05-19 01:20:47','2022-05-19 01:20:47','EL MAGISTRAL, CONCORDIA, SINALOA','1',0),(367,'JESUS EDUARDO','GARCIA','AYALA','GAAJ960421HSLRYS08','GAAJ960421CZA','2022-02-01','2022-02-01',6,'2022-05-19 21:56:15','2022-06-22 18:52:20','FOVISSTE ESPERANZA MAZATLAN, SINALOA','5',0),(368,'CESAR EMILIO','LOPEZ','HERNANDEZ','LOHC730325HSLPRS06','LOHC7303255F7','2022-01-03','2022-01-03',3,'2022-05-19 22:03:27','2022-05-19 22:03:27','COLINAS DEL SOL, FRACC. DE CONCORDIA, CONCORDIA, SINALOA','1',0),(369,'ALMA DELIA','PEREZ','MANCINAS','PEMA950506MSLRNL02','PEMA950506D72','2022-02-16','2022-02-16',6,'2022-05-19 22:07:56','2022-05-19 22:07:56','SALOMA VIZCARRA, CONCORDIA, SINALOA','1',0),(370,'GUMERCINDO','ZAMORA','SARABIA','ZASG600113HSLMRM11','ZASG600113','2022-02-01','2022-02-01',6,'2022-05-19 22:10:43','2022-05-19 22:10:43','CJON. ESTADIO #513, CONCORDIA, SINALOA','1',0),(371,'ROBERTO CARLOS','ZATARAIN','ALVARADO','ZAAR880825HSLTLB01','ZAAR880825FM6','2022-02-07','2022-02-07',5,'2022-05-19 22:14:28','2022-06-16 00:48:03','SAN ISIDORO #11647, FRACC. SANMARCOS MAZATLAN, SINALOA','1',0),(372,'ESMERALDA CRISTAL','RENTERIA','DIAZ','REDE840527MSLNZS07','REDE840527283','2022-01-16','2022-01-16',6,'2022-05-19 22:17:06','2022-05-19 22:17:06','ANGEL FLORES #39, CONCORDIA, SINALOA','1',0),(373,'RICARDO','BURCIAGA','LEYVA','BULR850824HSLRYC07','BULR850824M76','2022-01-09','2022-01-09',6,'2022-05-19 22:20:44','2022-05-19 22:20:44','LA VIA S/N, CONCORDIA, SINALOA','1',0),(374,'PAOLA GUADALUPE','LOPEZ','JAUREGUI','LOJP850621MSLPRL01','LOJP850621PZA','2022-01-03','1900-01-01',14,'2022-05-19 22:29:04','2022-05-19 22:29:04','DONATO GUERRA #48, CONCORDIA, SINALOA','1',0),(375,'JESUS ALEXANDRO','ZAMUDIO','SANCHEZ','ZASJ750406HSLMNS08','ZASJ7504062X9','2022-01-01','2022-01-03',6,'2022-05-19 22:33:03','2022-05-19 22:33:03','IGNACIO ZARAGOZA 324CONCORDIA, SINALOA','1',0),(376,'SUSANA','MARIN','PEREZ','MAPS910903MSLRRS04','MAPS910903414','2022-01-16','2022-01-03',13,'2022-05-19 22:38:46','2022-05-19 22:38:46','LA PETACA, CONCORDIA, SINALOA','1',0),(377,'TERESA DE JESUS','MARTINEZ','ESPINOZA','MAET680914MSLRSR02','MAET680914','2021-11-01','2021-11-01',13,'2022-05-19 22:41:40','2022-05-19 22:41:40','TEPUXTA, CONCORDIA, SINALOA','1',0),(378,'ANAHI','ONTIVEROS','ZAMUDIO','OIZA961206MSLNMN09','OIZA961206GP0','2021-11-16','2021-11-16',1,'2022-05-19 22:44:27','2022-05-19 22:44:27','COLOSIO #4, CONCORDIA, SINALOA','1',0),(379,'LUZ AURORA','VILLEGAS','MONROY','VIML551006MSLLNZ00','VIML5510066I0','2022-02-07','2022-02-07',6,'2022-05-19 22:47:19','2022-05-19 22:47:19','ANGEL FLORES #33, CONCORDIA, SINALOA','1',0),(380,'MARIA FERNANDA','LOPEZ','TORRES','LOTF950531MSLPRR06','LOTF950531S42','2022-02-01','2022-02-01',22,'2022-05-19 22:50:42','2022-05-19 22:50:42','IGNACIO ALLENDE #79, CONCORDIA, SINALOA','1',0),(381,'JUAN GUILLERMO','RODRIGUEZ','LOPEZ','ROLJ810210HSLDPN00','ROLJ810210','2006-03-01','2007-01-01',7,'2022-05-19 22:50:45','2022-05-19 22:50:45','MARGARITA MAZA DE JUAREZ S/N CONCORDIA, SINALOA','1',0),(382,'JUANITA','REYES','PIMENTEL','REPJ760916MSLYMN01','REPJ760916','2022-01-24','2022-01-24',22,'2022-05-19 22:55:18','2022-05-19 22:55:18','MARGARITA MAZA DE JUAREZ S/N, CONCORDIA, SINALOA','1',0),(383,'JOSE ANGEL','SOTO','LOPEZ','SOLA960902HSLTPN08','SOLA9609028A0','2022-01-01','2022-01-01',18,'2022-05-19 22:59:43','2022-06-16 00:36:19','CONCORDIA, SINALOA','1',0),(384,'JESUS ANTONIO','SALAZAR','GURROLA','SAGJ930130HSLLRS02','SAGJ930130265','2022-01-03','2022-01-03',3,'2022-05-19 23:03:10','2022-05-19 23:03:10','PROL. DONATO GUERRA #103, CONCORDIA, SINALOA','1',0),(385,'JOSE MANUEL','OSUNA','DIAZ','OUDM800202HSLSZN00','OUDM800202','2015-07-08','2015-07-15',7,'2022-05-19 23:03:14','2022-05-19 23:03:14','ALVARO OBREGON #18 CONCORDIA, SINALOA','1',0),(386,'MARIA CONCEPCION','DIAZ','HERNANDEZ','DIHC590806MSLZRN03','DIHC590806C74','2022-02-11','1997-05-02',6,'2022-05-19 23:08:17','2022-05-19 23:08:17','ISIDORO PERAZA S/N, CONCORDIA, SINALOA','1',0),(387,'CINDY CAROLINA','URETA','PODESTA','UEPC010221MSLRDNA8','UEPC010221KZ1','2022-01-03','1900-01-01',6,'2022-05-19 23:36:34','2022-06-22 18:51:52','CUAUHTEMOC #40, CONCORDIA, SINALOA','5',0),(388,'RAMON','PERAZA','TIRADO','PETR531220HSLRRM08','PETR531220DW1','2022-03-01','1900-01-01',6,'2022-05-19 23:42:49','2022-05-19 23:42:49','AGUACALIENTE DE GARATE, CONCORDIA, SINALOA','1',0),(389,'JOSE','ZATARAIN','PARDO','ZAPJ790104HSLTRS05','ZAPJ7901041M8','2022-02-01','1900-01-01',5,'2022-05-19 23:48:18','2022-06-22 18:53:16','LA CONCEPCION, CONCORDIA, SINALOA','5',0),(390,'OCTAVIO','PADILLA','CARDENAS','PACO941223HSLDRC08','PACO9412239B2','2022-01-03','1900-01-01',2,'2022-05-19 23:54:23','2022-06-22 18:38:30','ISLA DE LA PIEDRA MAZATLAN, SINALOA','5',0),(391,'JOSE ANGEL','TELLEZ','DE LA ROSA','TERA531006HDGLSN06','TERA531006','2017-06-01','2017-06-01',6,'2022-05-20 00:19:54','2022-05-20 00:19:54','ISIDORO PERAZA S/N CONCORDIA, SINALOA','1',0),(392,'LAURA ELENA','ZATARAIN','CARRILLO','ZACL770321MSLTRR03','ZACL770321I68','2021-11-01','2021-11-01',6,'2022-06-15 23:55:12','2022-06-15 23:55:12','ANGEL FLORES # 70, CONCORDIA, SINALOA','1',0),(393,'VICTOR MANUEL','PEREZ','PARRA','PEPV750226HSLRRC06','PEPV750226','2022-01-03','2022-01-03',3,'2022-06-16 00:06:49','2023-02-10 18:44:00','LA PETACA, CONCORDIA, SINALOA','1',0),(394,'JAIR ESTEBAN','CAZARES','MACIAS','CAMJ980830HSLZCR10','CAMJ980830BLA','2022-05-16','2022-05-16',6,'2022-06-16 00:09:21','2022-06-16 00:09:21','LA CONCEPCION, CONCORDIA, SINALOA','1',0),(395,'RAQUEL','VELARDE','DIAZ','VEDR790720MSLLZQ01','VEDR7907204M4','2022-04-25','2022-04-25',18,'2022-06-16 00:11:16','2022-06-16 00:11:16','MARIANO ESCOBEDO # 16, CONCORDIA, SINALOA','1',0),(396,'RIGOBERTO','BRITO','OSUNA','BIOR650810HSLRSG00','BIOR650810','2021-11-01','1900-01-01',18,'2022-06-16 00:13:37','2022-06-16 00:13:37','ALVARO OBREGON # 17, CONCORDIA, SINALOA','1',0),(397,'REBECA GUADALUPE','VELARDE','DIAZ','VEDR901112MSLLZB04','VEDR901112UA5','2021-11-01','2021-11-01',8,'2022-06-16 00:15:53','2022-06-16 00:15:53','MARIANO ESCOBEDO S/N, CONCORDIA, SINALOA','1',0),(398,'JESUS ARTURO','HERNANDEZ','PERAZA','HEPJ950201HSLRRS09','HEPJ950201H11','2022-04-19','2022-04-19',5,'2022-06-16 00:19:33','2022-06-16 00:19:33','EDUARDO LABASTIDAS # 11, COL. LA LADRILLERA, CONCORDIA, SINALOA','1',1),(399,'KAREN ADRIANA','LOPEZ','DIAZ','LODK981018MSLPZR02','LODK981018P13','2021-12-16','2021-12-16',22,'2022-06-16 00:46:42','2022-06-16 00:46:42','VILLA DE GUADALUPE S/N, CONCORDIA, SINALOA','1',0),(400,'JESUS MARTIN','ZAMUDIO','ESTOLANO','ZAEJ730709HSLMSS00','ZAEJ730709','2020-09-21','2020-09-21',6,'2022-07-13 17:55:30','2022-07-13 17:55:30','JOSEFA ORTIZ DE DOMINGUEZ CONCORDIA, SINALOA','1',0),(401,'JUAN RAMON','VELARDE','ESPINOZA','VEEJ780315HSLLSN02','VEEJ780315','2022-06-13','2022-06-13',26,'2022-07-18 17:30:24','2022-07-18 17:30:24','CONOCIDO, ZAVALA, CONCORDIA, SINALOA','1',0),(402,'ROBERTO','CARDENAS','X','CAXR880411HSLRXB07','CARO880411NR5','2022-06-13','2022-06-13',26,'2022-07-18 17:32:31','2022-07-18 17:32:31','CONOCIDO, LA CONCEPCION, CONCORDIA, SINALOA','1',0),(403,'RAFAEL','OSUNA','PATRON','OUPR720710HSLSTF01','OUPR7207101M5','2022-06-13','2022-06-13',26,'2022-07-18 17:35:35','2022-07-18 17:35:35','CONOCIDO , LAS IGUANAS, CONCORDIA, SINALOA','1',0),(404,'RAUL','CASTAÑEDA','CABANILLAS','CACR660223HSLSBL04','CACR660223DQ7','2022-06-13','2022-06-13',26,'2022-07-18 18:18:34','2022-07-18 18:18:34','CONOCIDO, AGUACALIENTE DE GARATE, CONCORDIA, SINALOA','1',0),(405,'GABRIEL','SARABIA','SANCHEZ','SASG720324HSLRNB01','SASG7203245E2','2022-06-13','2022-06-13',26,'2022-07-18 18:28:26','2022-07-18 18:28:26','CONOCIDO, LOS CIRUELOS, CONCORDIA, SINALOA','1',0),(406,'SAMUEL','ARCE','GANDAR','AEGS930123HSLRNM05','AEGS930123463','2022-06-13','2022-06-13',26,'2022-07-18 18:32:42','2022-07-18 18:32:42','CONOCIDO, TEPUXTA, CONCORDIA, SINALOA','1',0),(407,'JOSE FRANCISCO','BARRAZA','VALDEZ','BAVF651120HSLRLR00','BAVF651120JPA','2022-06-13','2022-06-13',26,'2022-07-18 18:35:34','2022-07-18 18:35:34','CONOCIDO, MESILLAS, CONCORDIA, SINALOA','1',0),(408,'JOSE MANUEL','NAVARRO','MENDOZA','NAMM811116HSLVNN06','NAMM811116','2022-06-13','2022-06-13',26,'2022-07-18 18:52:17','2022-07-18 18:52:17','CONOCIDO, AGUACALIENTE DE JACOBO, CONCORDIA, SINALOA','1',0),(409,'SAIDA VERONICE','SANCHEZ','VALLE','SAVS850113MSLNLD03','SAVS850113','2022-06-13','2022-06-13',26,'2022-07-18 18:57:29','2022-07-18 18:57:29','CONOCIDO, CHUPADEROS, CONCORDIA, SINALOA','1',0),(410,'ALFREDO','GARCIA','LOYA','GALA550712HSLRYL08','GALA550712TC0','2022-06-13','2022-06-13',26,'2022-07-18 18:59:10','2022-07-18 18:59:10','CONOCIDO EL PALMITO, CONCORDIA, SINALOA','1',0),(411,'PORFIRIO','VALDES','SALGADO','VASP790915HSLLLR03','VASP790915QW9','2022-06-13','2022-06-13',26,'2022-07-18 19:03:01','2022-07-18 19:03:01','CONOCIDO, EL HUAJOTE, CONCORDIA, SINALOA','1',0),(412,'JUAN ANTONIO','AVILA','PEREZ','AIPJ700919HSLVRN09','AIPJ700919UN3','2022-06-13','2022-06-13',26,'2022-07-18 19:05:06','2022-07-18 19:05:06','CONOCIDO, LA PETACA, CONCORDIA, SINALOA','1',0),(413,'RAMONA','CABANILLAS','MARQUEZ','CAMR790429MSLBRM04','CAMR790429TT2','2022-06-13','2022-06-13',26,'2022-07-18 19:32:19','2022-07-18 19:32:19','CONOCIDO, LA PASTORIA, CONCORDIA, SINALOA','1',0),(414,'ULISES','ARIAS','BOJORQUEZ','AIBU811228HSLRJL08','AIBU811228995','2022-06-13','2022-06-13',26,'2022-07-18 19:34:40','2022-07-18 19:34:40','CONOCIDO, MALPICA, CONCORDIA, SINALOA','1',0),(415,'YUKARI GUADALUPE','MORENO','CHAVEZ','MOCY951007MSLRHK03','MOCY951007AV2','2022-08-01','2022-08-01',8,'2022-08-09 18:06:15','2022-08-09 18:06:15','COL. LOS RANCHITOS S/N CONCORDIA, SINALOA','1',1),(416,'MIGUEL ANTONIO','MORENO','ZAMUDIO','MOZM960110HSLRMG07','MOZM960110FH9','2022-08-24','2022-08-24',6,'2022-10-13 18:05:31','2022-10-13 18:05:31','CJON. CUAUHTEMOC #58 CONCORDIA, SINALOA','1',0),(417,'EVERARDO','LUGO','BELTRAN','LUBE960909HDGGLV02','LUBE960909G20','2022-06-15','2022-06-15',5,'2022-10-13 18:21:11','2022-10-13 18:21:11','PIEDRA BLANCA CONCORDIA, SINALOA','1',0),(418,'GRACIELA','VARGAS','CASTELLANOS','VACG950227MSLRSR01','VACG9502277KAA','2022-09-01','2022-09-01',6,'2022-10-13 18:37:07','2022-10-13 18:37:07','LA CONCEPCION CONCORDIA, SINALOA','1',0),(419,'JULISSA','GOMEZ','BERNAL','GOBJ000129MSLMRLA4','GOBJ00012984','2022-09-01','2022-09-01',3,'2022-10-13 18:48:18','2022-10-13 18:48:18','MALPICA CONCORDIA, SINALOA','1',0),(420,'JOHANA','BURGUEÑO','FIGUEROA','BUFJ920712MSLRGH03','BUFJ9207124W0','2023-01-03','2023-01-03',6,'2023-01-27 21:11:08','2023-01-27 21:11:08','CONCORDIA, SINALOA','1',0),(421,'MARIA DEL SOCORRO','BRITO','HIDALGO','BIHS850209MSLRDC06','BIHS85020982A','2021-11-01','2021-11-01',13,'2023-01-27 21:20:41','2023-01-27 21:20:41','CONOCIDO, MESILLAS, CONCORDIA, SINALOA','1',0),(422,'MARIO ALBERTO','IBARRA','PAEZ','IAPM770423HSLBZR02','IAPM770423998','2022-11-16','2022-11-16',6,'2023-01-27 21:28:12','2023-01-27 21:28:12','CONOCIDO, TEPUXTA, CONCORDIA, SINALOA','1',0),(423,'AZUCENA','DELGADO','RAMIREZ','DERA851116MSLLMZ18','DERA851116VE0','2023-01-09','2023-01-09',14,'2023-01-27 21:36:01','2023-01-27 21:36:01','AV. LAS TORRES, VILLA DE GPE. CONCORDIA, SINALOA','1',0),(424,'ANTONIO DE JESUS','VALDES','GARCIA','VXGA880614HSLLRN01','VAGA880614287','2023-01-02','2023-01-02',6,'2023-01-27 21:38:25','2023-01-27 21:38:25','CARRT. A MESILLAS, CONCORDIA, SINALOA','1',0),(425,'RIGOBERTO','MARTINEZ','ZAMUDIO','MAZR800811HSLRMG08','MAZR800811JT3','2023-02-07','2023-02-07',6,'2023-02-07 21:10:17','2023-02-07 21:10:17','BENITO JUAREZ #69, CONCORDIA, SINALOA','1',0);
/*!40000 ALTER TABLE `empleados` ENABLE KEYS */;
UNLOCK TABLES;

--
-- Table structure for table `estados`
--

DROP TABLE IF EXISTS `estados`;
/*!40101 SET @saved_cs_client     = @@character_set_client */;
/*!40101 SET character_set_client = utf8 */;
CREATE TABLE `estados` (
  `cve_estado` int(10) unsigned NOT NULL AUTO_INCREMENT,
  `estado` varchar(255) COLLATE utf8mb4_unicode_ci NOT NULL,
  PRIMARY KEY (`cve_estado`)
) ENGINE=InnoDB DEFAULT CHARSET=utf8mb4 COLLATE=utf8mb4_unicode_ci;
/*!40101 SET character_set_client = @saved_cs_client */;

--
-- Dumping data for table `estados`
--

LOCK TABLES `estados` WRITE;
/*!40000 ALTER TABLE `estados` DISABLE KEYS */;
/*!40000 ALTER TABLE `estados` ENABLE KEYS */;
UNLOCK TABLES;

--
-- Table structure for table `failed_jobs`
--

DROP TABLE IF EXISTS `failed_jobs`;
/*!40101 SET @saved_cs_client     = @@character_set_client */;
/*!40101 SET character_set_client = utf8 */;
CREATE TABLE `failed_jobs` (
  `id` bigint(20) unsigned NOT NULL AUTO_INCREMENT,
  `uuid` varchar(255) COLLATE utf8mb4_unicode_ci NOT NULL,
  `connection` text COLLATE utf8mb4_unicode_ci NOT NULL,
  `queue` text COLLATE utf8mb4_unicode_ci NOT NULL,
  `payload` longtext COLLATE utf8mb4_unicode_ci NOT NULL,
  `exception` longtext COLLATE utf8mb4_unicode_ci NOT NULL,
  `failed_at` timestamp NOT NULL DEFAULT current_timestamp(),
  PRIMARY KEY (`id`),
  UNIQUE KEY `failed_jobs_uuid_unique` (`uuid`)
) ENGINE=InnoDB DEFAULT CHARSET=utf8mb4 COLLATE=utf8mb4_unicode_ci;
/*!40101 SET character_set_client = @saved_cs_client */;

--
-- Dumping data for table `failed_jobs`
--

LOCK TABLES `failed_jobs` WRITE;
/*!40000 ALTER TABLE `failed_jobs` DISABLE KEYS */;
/*!40000 ALTER TABLE `failed_jobs` ENABLE KEYS */;
UNLOCK TABLES;

--
-- Table structure for table `generales`
--

DROP TABLE IF EXISTS `generales`;
/*!40101 SET @saved_cs_client     = @@character_set_client */;
/*!40101 SET character_set_client = utf8 */;
CREATE TABLE `generales` (
  `firma_stasac` varchar(45) NOT NULL
) ENGINE=InnoDB DEFAULT CHARSET=utf8mb4;
/*!40101 SET character_set_client = @saved_cs_client */;

--
-- Dumping data for table `generales`
--

LOCK TABLES `generales` WRITE;
/*!40000 ALTER TABLE `generales` DISABLE KEYS */;
INSERT INTO `generales` VALUES ('VICTOR RAMIRO LIZARRAGA TIRADO');
/*!40000 ALTER TABLE `generales` ENABLE KEYS */;
UNLOCK TABLES;

--
-- Table structure for table `localidades`
--

DROP TABLE IF EXISTS `localidades`;
/*!40101 SET @saved_cs_client     = @@character_set_client */;
/*!40101 SET character_set_client = utf8 */;
CREATE TABLE `localidades` (
  `cve_estado` int(10) unsigned NOT NULL,
  `cve_municipio` int(10) unsigned NOT NULL,
  `cve_localidad` int(10) unsigned NOT NULL,
  `localidad` varchar(255) COLLATE utf8mb4_unicode_ci NOT NULL,
  PRIMARY KEY (`cve_estado`,`cve_municipio`,`cve_localidad`),
  KEY `localidades_cve_municipio_foreign` (`cve_municipio`),
  CONSTRAINT `localidades_cve_estado_foreign` FOREIGN KEY (`cve_estado`) REFERENCES `estados` (`cve_estado`) ON DELETE CASCADE,
  CONSTRAINT `localidades_cve_municipio_foreign` FOREIGN KEY (`cve_municipio`) REFERENCES `municipios` (`cve_municipio`) ON DELETE CASCADE
) ENGINE=InnoDB DEFAULT CHARSET=utf8mb4 COLLATE=utf8mb4_unicode_ci;
/*!40101 SET character_set_client = @saved_cs_client */;

--
-- Dumping data for table `localidades`
--

LOCK TABLES `localidades` WRITE;
/*!40000 ALTER TABLE `localidades` DISABLE KEYS */;
/*!40000 ALTER TABLE `localidades` ENABLE KEYS */;
UNLOCK TABLES;

--
-- Table structure for table `migrations`
--

DROP TABLE IF EXISTS `migrations`;
/*!40101 SET @saved_cs_client     = @@character_set_client */;
/*!40101 SET character_set_client = utf8 */;
CREATE TABLE `migrations` (
  `id` int(10) unsigned NOT NULL AUTO_INCREMENT,
  `migration` varchar(255) COLLATE utf8mb4_unicode_ci NOT NULL,
  `batch` int(11) NOT NULL,
  PRIMARY KEY (`id`)
) ENGINE=InnoDB AUTO_INCREMENT=36 DEFAULT CHARSET=utf8mb4 COLLATE=utf8mb4_unicode_ci;
/*!40101 SET character_set_client = @saved_cs_client */;

--
-- Dumping data for table `migrations`
--

LOCK TABLES `migrations` WRITE;
/*!40000 ALTER TABLE `migrations` DISABLE KEYS */;
INSERT INTO `migrations` VALUES (1,'2014_10_12_000000_create_users_table',1),(2,'2014_10_12_100000_create_password_resets_table',1),(3,'2019_08_19_000000_create_failed_jobs_table',1),(4,'2019_12_14_000001_create_personal_access_tokens_table',1),(5,'2022_04_12_193122_create_estados_table',1),(6,'2022_04_12_193151_create_municipios_table',1),(7,'2022_04_12_193207_create_localidades_table',1),(8,'2022_04_12_193226_create_areas_table',1),(9,'2022_04_12_193242_create_empleados_table',1),(10,'2022_04_26_001940_agrega_domicilio_empleados',1),(11,'2022_04_26_004921_agrega_status_empleados',1),(12,'2022_04_26_004942_agrega_stasac_empleados',1),(13,'2022_05_02_193841_create_dias_descanso_table',1),(19,'2022_06_10_130023_create_vacaciones_table',2),(23,'2022_06_13_103550_agrega_id_vacaciones',3),(27,'2022_06_20_131515_create_vacaciones_frac_table',4),(28,'2022_06_22_100420_add_fk_vacaciones',5),(32,'2022_10_25_124221_create_tipos_movimientos_table',6),(33,'2022_10_25_125210_create_movimientos_table',6),(34,'2022_10_28_133943_agrega_descripcion_movimientos',7),(35,'2022_10_28_135832_agrega_descripcion_movimientos',8);
/*!40000 ALTER TABLE `migrations` ENABLE KEYS */;
UNLOCK TABLES;

--
-- Table structure for table `movimientos`
--

DROP TABLE IF EXISTS `movimientos`;
/*!40101 SET @saved_cs_client     = @@character_set_client */;
/*!40101 SET character_set_client = utf8 */;
CREATE TABLE `movimientos` (
  `cve_empleado` int(10) unsigned NOT NULL,
  `cve_tipo` int(10) unsigned NOT NULL,
  `fecha_inicial` date NOT NULL,
  `fecha_final` date NOT NULL,
  `descripcion` varchar(150) COLLATE utf8mb4_unicode_ci NOT NULL,
  `created_at` timestamp NULL DEFAULT NULL,
  `updated_at` timestamp NULL DEFAULT NULL,
  KEY `movimientos_cve_tipo_foreign` (`cve_tipo`),
  CONSTRAINT `movimientos_cve_tipo_foreign` FOREIGN KEY (`cve_tipo`) REFERENCES `tipos_movimientos` (`cve_tipo`) ON DELETE CASCADE
) ENGINE=InnoDB DEFAULT CHARSET=utf8mb4 COLLATE=utf8mb4_unicode_ci;
/*!40101 SET character_set_client = @saved_cs_client */;

--
-- Dumping data for table `movimientos`
--

LOCK TABLES `movimientos` WRITE;
/*!40000 ALTER TABLE `movimientos` DISABLE KEYS */;
/*!40000 ALTER TABLE `movimientos` ENABLE KEYS */;
UNLOCK TABLES;

--
-- Table structure for table `municipios`
--

DROP TABLE IF EXISTS `municipios`;
/*!40101 SET @saved_cs_client     = @@character_set_client */;
/*!40101 SET character_set_client = utf8 */;
CREATE TABLE `municipios` (
  `cve_estado` int(10) unsigned NOT NULL,
  `cve_municipio` int(10) unsigned NOT NULL,
  `municipio` varchar(255) COLLATE utf8mb4_unicode_ci NOT NULL,
  PRIMARY KEY (`cve_estado`,`cve_municipio`),
  KEY `municipios_cve_estado_index` (`cve_estado`),
  KEY `municipios_cve_municipio_index` (`cve_municipio`),
  CONSTRAINT `municipios_cve_estado_foreign` FOREIGN KEY (`cve_estado`) REFERENCES `estados` (`cve_estado`) ON DELETE CASCADE
) ENGINE=InnoDB DEFAULT CHARSET=utf8mb4 COLLATE=utf8mb4_unicode_ci;
/*!40101 SET character_set_client = @saved_cs_client */;

--
-- Dumping data for table `municipios`
--

LOCK TABLES `municipios` WRITE;
/*!40000 ALTER TABLE `municipios` DISABLE KEYS */;
/*!40000 ALTER TABLE `municipios` ENABLE KEYS */;
UNLOCK TABLES;

--
-- Table structure for table `password_resets`
--

DROP TABLE IF EXISTS `password_resets`;
/*!40101 SET @saved_cs_client     = @@character_set_client */;
/*!40101 SET character_set_client = utf8 */;
CREATE TABLE `password_resets` (
  `email` varchar(255) COLLATE utf8mb4_unicode_ci NOT NULL,
  `token` varchar(255) COLLATE utf8mb4_unicode_ci NOT NULL,
  `created_at` timestamp NULL DEFAULT NULL,
  KEY `password_resets_email_index` (`email`)
) ENGINE=InnoDB DEFAULT CHARSET=utf8mb4 COLLATE=utf8mb4_unicode_ci;
/*!40101 SET character_set_client = @saved_cs_client */;

--
-- Dumping data for table `password_resets`
--

LOCK TABLES `password_resets` WRITE;
/*!40000 ALTER TABLE `password_resets` DISABLE KEYS */;
/*!40000 ALTER TABLE `password_resets` ENABLE KEYS */;
UNLOCK TABLES;

--
-- Table structure for table `personal_access_tokens`
--

DROP TABLE IF EXISTS `personal_access_tokens`;
/*!40101 SET @saved_cs_client     = @@character_set_client */;
/*!40101 SET character_set_client = utf8 */;
CREATE TABLE `personal_access_tokens` (
  `id` bigint(20) unsigned NOT NULL AUTO_INCREMENT,
  `tokenable_type` varchar(255) COLLATE utf8mb4_unicode_ci NOT NULL,
  `tokenable_id` bigint(20) unsigned NOT NULL,
  `name` varchar(255) COLLATE utf8mb4_unicode_ci NOT NULL,
  `token` varchar(64) COLLATE utf8mb4_unicode_ci NOT NULL,
  `abilities` text COLLATE utf8mb4_unicode_ci DEFAULT NULL,
  `last_used_at` timestamp NULL DEFAULT NULL,
  `created_at` timestamp NULL DEFAULT NULL,
  `updated_at` timestamp NULL DEFAULT NULL,
  PRIMARY KEY (`id`),
  UNIQUE KEY `personal_access_tokens_token_unique` (`token`),
  KEY `personal_access_tokens_tokenable_type_tokenable_id_index` (`tokenable_type`,`tokenable_id`)
) ENGINE=InnoDB DEFAULT CHARSET=utf8mb4 COLLATE=utf8mb4_unicode_ci;
/*!40101 SET character_set_client = @saved_cs_client */;

--
-- Dumping data for table `personal_access_tokens`
--

LOCK TABLES `personal_access_tokens` WRITE;
/*!40000 ALTER TABLE `personal_access_tokens` DISABLE KEYS */;
/*!40000 ALTER TABLE `personal_access_tokens` ENABLE KEYS */;
UNLOCK TABLES;

--
-- Table structure for table `tipos_movimientos`
--

DROP TABLE IF EXISTS `tipos_movimientos`;
/*!40101 SET @saved_cs_client     = @@character_set_client */;
/*!40101 SET character_set_client = utf8 */;
CREATE TABLE `tipos_movimientos` (
  `cve_tipo` int(10) unsigned NOT NULL AUTO_INCREMENT,
  `descripcion` varchar(255) COLLATE utf8mb4_unicode_ci NOT NULL,
  PRIMARY KEY (`cve_tipo`)
) ENGINE=InnoDB AUTO_INCREMENT=10 DEFAULT CHARSET=utf8mb4 COLLATE=utf8mb4_unicode_ci;
/*!40101 SET character_set_client = @saved_cs_client */;

--
-- Dumping data for table `tipos_movimientos`
--

LOCK TABLES `tipos_movimientos` WRITE;
/*!40000 ALTER TABLE `tipos_movimientos` DISABLE KEYS */;
INSERT INTO `tipos_movimientos` VALUES (1,'NOMBRAMIENTO'),(2,'VACACIONES'),(3,'COMISIÓN'),(4,'PERMISO'),(5,'MODIFICACIÓN DE SUELDO'),(6,'ALTA ISSSTE'),(7,'INCAPACIDAD');
/*!40000 ALTER TABLE `tipos_movimientos` ENABLE KEYS */;
UNLOCK TABLES;

--
-- Table structure for table `users`
--

DROP TABLE IF EXISTS `users`;
/*!40101 SET @saved_cs_client     = @@character_set_client */;
/*!40101 SET character_set_client = utf8 */;
CREATE TABLE `users` (
  `id` bigint(20) unsigned NOT NULL AUTO_INCREMENT,
  `name` varchar(255) COLLATE utf8mb4_unicode_ci NOT NULL,
  `email` varchar(255) COLLATE utf8mb4_unicode_ci NOT NULL,
  `email_verified_at` timestamp NULL DEFAULT NULL,
  `password` varchar(255) COLLATE utf8mb4_unicode_ci NOT NULL,
  `remember_token` varchar(100) COLLATE utf8mb4_unicode_ci DEFAULT NULL,
  `usertype` varchar(255) COLLATE utf8mb4_unicode_ci NOT NULL DEFAULT '0',
  `created_at` timestamp NULL DEFAULT NULL,
  `updated_at` timestamp NULL DEFAULT NULL,
  PRIMARY KEY (`id`),
  UNIQUE KEY `users_email_unique` (`email`)
) ENGINE=InnoDB AUTO_INCREMENT=4 DEFAULT CHARSET=utf8mb4 COLLATE=utf8mb4_unicode_ci;
/*!40101 SET character_set_client = @saved_cs_client */;

--
-- Dumping data for table `users`
--

LOCK TABLES `users` WRITE;
/*!40000 ALTER TABLE `users` DISABLE KEYS */;
INSERT INTO `users` VALUES (1,'ÁNGEL SÁNCHEZ DÍAZ','asd@gmail.com',NULL,'$2y$10$PDtzQExmR1tkXlf1rBaiAOyQ3W6zKNaf2BZYQVjtYuOfPLqQ3Wh.e',NULL,'1','2022-06-10 19:19:23','2022-06-10 19:19:23'),(2,'ANY','anytp@gmail.com',NULL,'$2y$10$1Qg5NPkI6bx2wvoXJ.CosuDvOlnZVUNjGYrHZe8HLK7kD0xSIsHK.',NULL,'0','2022-06-22 16:22:06','2022-06-22 16:22:41'),(3,'FÁTIMA','fatima@gmail.com',NULL,'$2y$10$k2zowoor0uvRK0QZ5hAtHOnQY4TNxgwZ.SobHeB67GfoxO2oaNEQe',NULL,'2','2022-06-22 16:45:43','2022-06-22 16:46:58');
/*!40000 ALTER TABLE `users` ENABLE KEYS */;
UNLOCK TABLES;

--
-- Table structure for table `vacaciones`
--

DROP TABLE IF EXISTS `vacaciones`;
/*!40101 SET @saved_cs_client     = @@character_set_client */;
/*!40101 SET character_set_client = utf8 */;
CREATE TABLE `vacaciones` (
  `cve_empleado` int(11) NOT NULL,
  `cve_vacacion` int(11) unsigned NOT NULL AUTO_INCREMENT,
  `fecha_inicial` date NOT NULL,
  `fecha_final` date NOT NULL,
  `fecha_presentarse` date NOT NULL,
  `dias_habiles` int(11) NOT NULL,
  PRIMARY KEY (`cve_vacacion`)
) ENGINE=InnoDB AUTO_INCREMENT=2 DEFAULT CHARSET=utf8mb4 COLLATE=utf8mb4_unicode_ci;
/*!40101 SET character_set_client = @saved_cs_client */;

--
-- Dumping data for table `vacaciones`
--

LOCK TABLES `vacaciones` WRITE;
/*!40000 ALTER TABLE `vacaciones` DISABLE KEYS */;
/*!40000 ALTER TABLE `vacaciones` ENABLE KEYS */;
UNLOCK TABLES;

--
-- Table structure for table `vacaciones_frac`
--

DROP TABLE IF EXISTS `vacaciones_frac`;
/*!40101 SET @saved_cs_client     = @@character_set_client */;
/*!40101 SET character_set_client = utf8 */;
CREATE TABLE `vacaciones_frac` (
  `cve_empleado` int(11) NOT NULL,
  `cve_vacacion` int(10) unsigned NOT NULL,
  `cve_vacacion_frac` int(10) unsigned NOT NULL AUTO_INCREMENT,
  `fecha_inicial` date NOT NULL,
  `fecha_final` date NOT NULL,
  `fecha_presentarse` date NOT NULL,
  `dias_habiles` int(11) NOT NULL,
  `created_at` timestamp NULL DEFAULT NULL,
  `updated_at` timestamp NULL DEFAULT NULL,
  PRIMARY KEY (`cve_vacacion_frac`),
  KEY `vacaciones_frac_cve_vacacion_foreign` (`cve_vacacion`),
  CONSTRAINT `vacaciones_frac_cve_vacacion_foreign` FOREIGN KEY (`cve_vacacion`) REFERENCES `vacaciones` (`cve_vacacion`)
) ENGINE=InnoDB DEFAULT CHARSET=utf8mb4 COLLATE=utf8mb4_unicode_ci;
/*!40101 SET character_set_client = @saved_cs_client */;

--
-- Dumping data for table `vacaciones_frac`
--

LOCK TABLES `vacaciones_frac` WRITE;
/*!40000 ALTER TABLE `vacaciones_frac` DISABLE KEYS */;
/*!40000 ALTER TABLE `vacaciones_frac` ENABLE KEYS */;
UNLOCK TABLES;
/*!40103 SET TIME_ZONE=@OLD_TIME_ZONE */;

/*!40101 SET SQL_MODE=@OLD_SQL_MODE */;
/*!40014 SET FOREIGN_KEY_CHECKS=@OLD_FOREIGN_KEY_CHECKS */;
/*!40014 SET UNIQUE_CHECKS=@OLD_UNIQUE_CHECKS */;
/*!40101 SET CHARACTER_SET_CLIENT=@OLD_CHARACTER_SET_CLIENT */;
/*!40101 SET CHARACTER_SET_RESULTS=@OLD_CHARACTER_SET_RESULTS */;
/*!40101 SET COLLATION_CONNECTION=@OLD_COLLATION_CONNECTION */;
/*!40111 SET SQL_NOTES=@OLD_SQL_NOTES */;

-- Dump completed on 2023-05-06 16:20:15
